"","Roster Number","Player","Position","Height","Weight","Birth Date","Country","Experience","College","Salary Rank","Salary","Total Rank","Age","Games","Games Started","Minutes Played","Field Goals","Field Goal Attempts","Field Goal Percentage","Three-Point Field Goals","Three-Point Field Goal Attempts","Three-Point Field Goal Percentage","Two-Point Field Goals","Two-Point Field Goal Attempts","Two-Point Field Goal Percentage","Effective Field Goal Percentage","Free Throws","Free Throw Attempts","Free Throw Percentage","Offensive Rebounds","Defensive Rebounds","Total Rebounds","Assists","Steals","Blocks","Turnovers","Personal Fouls","Points","Team"
"1",9,"Channing Frye","C",83,255,"May 17, 1983","us","9","University of Arizona",6,7807579,12,32,26,3,446,71,161,0.441,43,114,0.377,28,47,0.596,0.575,11,14,0.786,12,81,93,26,8,8,13,56,196,"CLE"
"2",30,"Dahntay Jones","SF",78,225,"December 27, 1980","us","11","Duke University",15,8819,17,35,1,0,42,6,14,0.429,1,2,0.5,5,12,0.417,0.464,0,0,NA,1,4,5,2,1,2,0,6,13,"CLE"
"3",4,"Iman Shumpert","SG",77,220,"June 26, 1990","us","4","Georgia Institute of Technology",5,9000000,9,25,54,5,1316,114,305,0.374,43,146,0.295,71,159,0.447,0.444,40,51,0.784,32,171,203,92,54,19,57,119,311,"CLE"
"4",5,"J.R. Smith","SG",78,225,"September 9, 1985","us","11","",7,5000000,3,30,77,77,2362,353,850,0.415,204,510,0.4,149,340,0.438,0.535,45,71,0.634,43,174,217,130,81,21,59,204,955,"CLE"
"5",1,"James Jones","SF",80,218,"October 4, 1980","us","12","University of Miami",10,1499000,11,35,48,0,463,58,142,0.408,41,104,0.394,17,38,0.447,0.553,21,26,0.808,8,42,50,14,11,10,13,50,178,"CLE"
"6",12,"Jordan McRae","PG",78,185,"March 28, 1991","us","R","University of Tennessee",14,172972,15,24,15,1,113,23,52,0.442,7,11,0.636,16,41,0.39,0.51,9,13,0.692,2,10,12,15,0,1,9,10,62,"CLE"
"7",0,"Kevin Love","PF",82,251,"September 7, 1988","us","7","University of California, Los Angeles",2,19500000,2,27,77,77,2424,409,977,0.419,158,439,0.36,251,538,0.467,0.499,258,314,0.822,149,613,762,186,58,41,142,159,1234,"CLE"
"8",2,"Kyrie Irving","PG",75,193,"March 23, 1992","au","4","Duke University",3,14746000,6,23,53,53,1667,394,879,0.448,84,262,0.321,310,617,0.502,0.496,169,191,0.885,44,113,157,249,56,18,124,107,1041,"CLE"
"9",23,"LeBron James","SF",80,250,"December 30, 1984","us","12","",1,22971000,1,31,76,76,2709,737,1416,0.52,87,282,0.309,650,1134,0.573,0.551,359,491,0.731,111,454,565,514,104,49,249,143,1920,"CLE"
"10",8,"Matthew Dellavedova","PG",76,198,"September 8, 1990","au","2","Saint Mary's College of California",13,1147280,5,25,76,14,1867,207,511,0.405,98,239,0.41,109,272,0.401,0.501,57,66,0.864,33,129,162,337,44,9,116,178,569,"CLE"
"11",52,"Mo Williams","PG",73,198,"December 19, 1982","us","12","University of Alabama",9,2100000,10,33,41,14,748,132,302,0.437,36,102,0.353,96,200,0.48,0.497,38,42,0.905,6,66,72,98,14,5,57,60,338,"CLE"
"12",24,"Richard Jefferson","SF",79,233,"June 21, 1980","us","14","University of Arizona",11,1499000,8,35,74,5,1326,143,312,0.458,66,173,0.382,77,139,0.554,0.564,58,87,0.667,15,113,128,59,33,14,43,129,410,"CLE"
"13",14,"Sasha Kaun","C",83,260,"May 8, 1985","ru","R","University of Kansas",12,1300000,16,30,25,0,95,9,17,0.529,0,0,NA,9,17,0.529,0.529,5,11,0.455,12,14,26,3,4,5,7,11,23,"CLE"
"14",20,"Timofey Mozgov","C",85,275,"July 16, 1986","ru","5","",8,4950000,7,29,76,48,1326,203,359,0.565,1,7,0.143,202,352,0.574,0.567,68,95,0.716,110,227,337,33,22,57,71,159,475,"CLE"
"15",13,"Tristan Thompson","PF",81,238,"March 13, 1991","ca","4","University of Texas at Austin",4,14260870,4,24,82,34,2269,247,420,0.588,0,0,NA,247,420,0.588,0.588,149,242,0.616,268,470,738,62,38,51,61,202,643,"CLE"
"16",15,"Anthony Bennett","PF",80,245,"March 14, 1993","ca","2","University of Nevada, Las Vegas",14,947276,15,22,19,0,84,8,27,0.296,3,14,0.214,5,13,0.385,0.352,9,10,0.9,6,17,23,0,5,0,4,8,28,"TOR"
"17",8,"Bismack Biyombo","C",81,255,"August 28, 1992","cd","4","",8,3000000,5,23,82,22,1808,156,288,0.542,0,1,0,156,287,0.544,0.542,142,226,0.628,182,473,655,29,19,133,71,225,454,"TOR"
"18",20,"Bruno Caboclo","SF",81,218,"September 21, 1995","br","1","",12,1524000,16,20,6,1,43,1,12,0.083,1,7,0.143,0,5,0,0.125,0,0,NA,1,1,2,1,2,1,4,2,3,"TOR"
"19",6,"Cory Joseph","SG",75,193,"August 20, 1991","ca","4","University of Texas at Austin",4,7000000,3,24,80,4,2046,257,585,0.439,30,110,0.273,227,475,0.478,0.465,133,174,0.764,39,171,210,250,63,20,102,131,677,"TOR"
"20",55,"Delon Wright","PG",77,183,"April 26, 1992","us","R","University of Utah",13,1509360,13,23,27,1,229,36,80,0.45,5,13,0.385,31,67,0.463,0.481,26,35,0.743,8,29,37,31,8,3,16,7,103,"TOR"
"21",10,"DeMar DeRozan","SG",79,221,"August 7, 1989","us","6","University of Southern California",3,9500000,2,26,78,78,2804,614,1377,0.446,47,139,0.338,567,1238,0.458,0.463,555,653,0.85,64,285,349,315,81,21,175,167,1830,"TOR"
"22",5,"DeMarre Carroll","SF",80,215,"July 27, 1986","us","6","University of Missouri",1,13500000,10,29,26,22,786,105,270,0.389,46,118,0.39,59,152,0.388,0.474,30,50,0.6,31,91,122,27,44,6,28,63,286,"TOR"
"23",3,"James Johnson","PF",81,250,"February 20, 1987","us","6","Wake Forest University",10,2500000,9,28,57,32,926,114,240,0.475,20,66,0.303,94,174,0.54,0.517,39,68,0.574,28,98,126,67,29,33,54,84,287,"TOR"
"24",1,"Jason Thompson","C",83,250,"July 21, 1986","us","7","Rider University",16,328955,12,29,19,6,292,32,66,0.485,5,15,0.333,27,51,0.529,0.523,18,22,0.818,22,58,80,10,8,12,8,40,87,"TOR"
"25",17,"Jonas Valanciunas","C",84,265,"May 6, 1992","lt","3","",6,4660482,8,23,60,59,1557,303,536,0.565,0,0,NA,303,536,0.565,0.565,162,213,0.761,184,363,547,42,25,80,85,158,768,"TOR"
"26",7,"Kyle Lowry","PG",73,196,"March 25, 1986","us","9","Villanova University",2,12000000,1,29,77,77,2851,512,1198,0.427,212,547,0.388,300,651,0.461,0.516,398,491,0.811,55,310,365,494,158,34,225,211,1634,"TOR"
"27",92,"Lucas Nogueira","C",84,241,"July 26, 1992","br","1","",11,1842000,14,23,29,1,225,28,44,0.636,1,3,0.333,27,41,0.659,0.648,8,15,0.533,18,28,46,7,12,12,11,29,65,"TOR"
"28",4,"Luis Scola","PF",81,240,"April 30, 1980","ar","8","",9,3000000,7,35,76,76,1636,269,598,0.45,65,161,0.404,204,437,0.467,0.504,61,84,0.726,84,276,360,66,46,27,68,178,664,"TOR"
"29",24,"Norman Powell","SG",76,215,"May 25, 1993","us","R","University of California, Los Angeles",15,650000,11,22,49,24,725,97,229,0.424,36,89,0.404,61,140,0.436,0.502,43,53,0.811,16,95,111,47,29,10,32,59,273,"TOR"
"30",54,"Patrick Patterson","PF",81,230,"March 14, 1989","us","5","University of Kentucky",5,6268675,4,26,79,0,2020,204,493,0.414,106,293,0.362,98,200,0.49,0.521,29,34,0.853,77,265,342,94,53,32,65,128,543,"TOR"
"31",31,"Terrence Ross","SF",79,206,"February 5, 1991","us","3","University of Washington",7,3553917,6,24,73,7,1747,270,626,0.431,131,339,0.386,139,287,0.484,0.536,49,62,0.79,21,164,185,56,54,25,46,120,720,"TOR"
"32",5,"Amar'e Stoudemire","C",82,245,"November 16, 1982","us","13","",9,1499187,11,33,52,36,762,125,221,0.566,0,0,NA,125,221,0.566,0.566,50,67,0.746,65,157,222,27,18,41,47,92,300,"MIA"
"33",19,"Beno Udrih","PG",75,205,"July 5, 1982","si","11","",8,2170465,13,33,36,5,587,66,152,0.434,11,33,0.333,55,119,0.462,0.47,15,17,0.882,6,57,63,90,11,0,42,40,158,"MIA"
"34",12,"Briante Weber","PG",74,165,"December 29, 1992","us","R","Virginia Commonwealth University",16,12355,19,23,1,0,3,1,1,1,0,0,NA,1,1,1,1,0,0,NA,0,1,1,1,0,0,0,1,2,"MIA"
"35",1,"Chris Bosh","PF",83,235,"March 24, 1984","us","12","Georgia Institute of Technology",1,22192730,6,31,53,53,1778,358,767,0.467,81,222,0.365,277,545,0.508,0.52,213,268,0.795,48,342,390,128,36,34,78,101,1010,"MIA"
"36",3,"Dwyane Wade","SG",76,220,"January 17, 1982","us","12","Marquette University",2,20000000,3,34,74,73,2258,540,1183,0.456,7,44,0.159,533,1139,0.468,0.459,322,406,0.793,82,220,302,344,79,42,203,116,1409,"MIA"
"37",14,"Gerald Green","SG",79,205,"January 26, 1986","us","8","",10,1356000,7,30,69,14,1557,230,587,0.392,84,260,0.323,146,327,0.446,0.463,72,92,0.783,25,138,163,56,38,19,46,123,616,"MIA"
"38",7,"Goran Dragic","PG",75,190,"May 6, 1986","si","7","",3,14780000,2,29,72,72,2363,417,875,0.477,64,205,0.312,353,670,0.527,0.513,120,165,0.727,54,223,277,419,71,17,185,188,1018,"MIA"
"39",21,"Hassan Whiteside","C",84,265,"June 13, 1989","us","3","Marshall University",11,981348,5,26,73,43,2125,413,682,0.606,0,0,NA,413,682,0.606,0.606,214,329,0.65,238,627,865,30,44,269,137,201,1040,"MIA"
"40",2,"Joe Johnson","SF",79,240,"June 29, 1981","us","14","University of Arkansas",14,414481,10,34,24,24,769,130,251,0.518,35,84,0.417,95,167,0.569,0.588,26,34,0.765,15,53,68,86,21,2,43,46,321,"MIA"
"41",4,"Josh McRoberts","PF",82,240,"February 28, 1987","us","8","Duke University",5,5543725,12,28,42,1,595,55,148,0.372,12,49,0.245,43,99,0.434,0.412,28,40,0.7,22,83,105,81,18,7,30,68,150,"MIA"
"42",0,"Josh Richardson","SG",78,200,"September 15, 1993","us","R","University of Tennessee",13,525093,8,22,52,2,1107,123,272,0.452,53,115,0.461,70,157,0.446,0.55,42,63,0.667,21,86,107,73,36,25,35,107,341,"MIA"
"43",20,"Justise Winslow","SF",79,225,"March 26, 1996","us","R","Duke University",7,2481720,4,19,78,8,2232,195,462,0.422,32,116,0.276,163,346,0.471,0.457,80,117,0.684,81,322,403,117,68,26,95,184,502,"MIA"
"44",9,"Luol Deng","PF",81,220,"April 16, 1985","ss","11","Duke University",4,10151612,1,30,74,73,2394,339,745,0.455,88,256,0.344,251,489,0.513,0.514,145,192,0.755,108,335,443,140,74,29,81,122,911,"MIA"
"45",8,"Tyler Johnson","SG",76,186,"May 7, 1992","us","1","California State University, Fresno",12,845059,9,23,36,5,863,118,243,0.486,27,71,0.38,91,172,0.529,0.541,51,64,0.797,28,81,109,79,24,14,47,66,314,"MIA"
"46",40,"Udonis Haslem","PF",80,235,"June 9, 1980","us","12","University of Florida",6,2854940,14,35,37,0,260,23,61,0.377,1,9,0.111,22,52,0.423,0.385,12,16,0.75,10,65,75,14,5,2,5,25,59,"MIA"
"47",15,"Al Horford","C",82,245,"June 3, 1986","do","8","University of Florida",2,12000000,2,29,82,82,2631,529,1048,0.505,88,256,0.344,441,792,0.557,0.547,103,129,0.798,148,448,596,263,68,121,107,163,1249,"ATL"
"48",17,"Dennis Schroder","PG",73,172,"September 15, 1993","de","2","",10,1763400,7,22,80,6,1621,329,781,0.421,77,239,0.322,252,542,0.465,0.471,144,182,0.791,25,179,204,349,70,9,183,138,879,"ATL"
"49",0,"Jeff Teague","PG",74,186,"June 10, 1988","us","6","Wake Forest University",4,8000000,4,27,79,78,2255,434,988,0.439,110,275,0.4,324,713,0.454,0.495,261,312,0.837,33,181,214,470,97,24,218,167,1239,"ATL"
"50",24,"Kent Bazemore","SF",77,201,"July 1, 1989","us","3","Old Dominion University",9,2000000,5,26,75,68,2083,320,725,0.441,109,305,0.357,211,420,0.502,0.517,123,151,0.815,28,351,379,171,98,38,138,176,872,"ATL"
"51",12,"Kirk Hinrich","PG",76,190,"January 2, 1981","us","12","University of Kansas",8,2870000,16,35,11,0,76,2,11,0.182,1,6,0.167,1,5,0.2,0.227,0,0,NA,1,11,12,14,2,1,3,1,5,"ATL"
"52",43,"Kris Humphries","PF",81,235,"February 6, 1985","us","11","University of Minnesota",15,388025,13,30,21,0,295,47,101,0.465,8,31,0.258,39,70,0.557,0.505,32,45,0.711,20,51,71,13,10,7,14,44,134,"ATL"
"53",26,"Kyle Korver","SG",79,212,"March 17, 1981","us","12","Creighton University",5,5746479,3,34,80,80,2401,268,616,0.435,158,397,0.398,110,219,0.502,0.563,45,54,0.833,14,246,260,164,60,35,98,161,739,"ATL"
"54",13,"Lamar Patterson","SG",77,225,"August 12, 1991","us","R","University of Pittsburgh",14,525093,12,24,35,0,395,28,80,0.35,12,49,0.245,16,31,0.516,0.425,16,22,0.727,4,46,50,39,9,2,23,45,84,"ATL"
"55",31,"Mike Muscala","C",83,240,"July 1, 1991","us","2","Bucknell University",13,947276,11,24,60,0,565,76,152,0.5,12,39,0.308,64,113,0.566,0.539,31,39,0.795,38,79,117,34,13,27,27,72,195,"ATL"
"56",32,"Mike Scott","PF",80,237,"July 16, 1988","us","3","University of Virginia",7,3333333,8,27,75,0,1146,176,376,0.468,62,158,0.392,114,218,0.523,0.551,50,63,0.794,53,153,206,78,25,17,42,102,464,"ATL"
"57",4,"Paul Millsap","PF",80,246,"February 10, 1985","us","9","Louisiana Tech University",1,19000000,1,30,81,81,2647,501,1066,0.47,74,232,0.319,427,834,0.512,0.505,309,408,0.757,198,534,732,265,147,139,191,237,1385,"ATL"
"58",25,"Thabo Sefolosha","SF",79,220,"May 2, 1984","ch","9","",6,4000000,6,31,75,11,1758,188,372,0.505,42,124,0.339,146,248,0.589,0.562,62,99,0.626,52,282,334,107,85,37,68,109,480,"ATL"
"59",11,"Tiago Splitter","C",83,245,"January 1, 1985","br","5","",3,8500000,10,31,36,2,579,81,155,0.523,0,2,0,81,153,0.529,0.523,39,48,0.813,45,75,120,30,20,12,24,71,201,"ATL"
"60",10,"Tim Hardaway","SG",78,205,"March 16, 1992","us","2","University of Michigan",11,1304520,9,23,51,1,864,114,265,0.43,48,142,0.338,66,123,0.537,0.521,50,56,0.893,7,79,86,51,21,7,23,48,326,"ATL"
"61",22,"Walter Tavares","C",87,260,"March 22, 1992","cv","R","",12,1000000,17,23,11,0,73,11,19,0.579,0,0,NA,11,19,0.579,0.579,3,8,0.375,7,14,21,3,1,6,5,8,25,"ATL"
"62",90,"Amir Johnson","PF",81,240,"May 1, 1987","us","10","",2,12000000,6,28,79,76,1800,249,426,0.585,10,43,0.233,239,383,0.624,0.596,69,121,0.57,178,327,505,138,52,83,94,214,577,"BOS"
"63",0,"Avery Bradley","SG",74,180,"November 26, 1990","us","5","University of Texas at Austin",3,7730337,2,25,76,72,2536,456,1019,0.447,147,407,0.361,309,612,0.505,0.52,96,123,0.78,48,172,220,158,117,19,109,164,1155,"BOS"
"64",63,"Coty Clarke","SF",79,232,"July 4, 1992","us","R","University of Arkansas",18,61776,16,23,3,0,6,2,4,0.5,2,2,1,0,2,0,0.75,0,0,NA,0,1,1,0,0,0,1,0,6,"BOS"
"65",42,"David Lee","PF",81,245,"April 29, 1983","us","10","University of Florida",1,15493680,11,32,30,4,470,87,192,0.453,0,1,0,87,191,0.455,0.453,40,51,0.784,41,89,130,54,12,13,38,51,214,"BOS"
"66",11,"Evan Turner","SG",79,220,"October 27, 1988","us","5","Ohio State University",8,3425510,4,27,81,12,2271,343,753,0.456,20,83,0.241,323,670,0.482,0.469,148,179,0.827,50,347,397,359,80,28,169,139,854,"BOS"
"67",4,"Isaiah Thomas","PG",69,185,"February 7, 1989","us","4","University of Washington",4,6912869,1,26,82,79,2644,591,1382,0.428,167,465,0.359,424,917,0.462,0.488,474,544,0.871,46,197,243,509,91,9,220,167,1823,"BOS"
"68",99,"Jae Crowder","SF",78,235,"July 6, 1990","us","3","Marquette University",5,6000000,3,25,73,73,2308,360,813,0.443,122,363,0.336,238,450,0.529,0.518,196,239,0.82,70,303,373,135,126,35,83,198,1038,"BOS"
"69",13,"James Young","SG",78,215,"August 16, 1995","us","1","University of Kentucky",15,1749840,14,20,29,0,199,11,36,0.306,6,26,0.231,5,10,0.5,0.389,1,4,0.25,4,22,26,9,6,1,5,17,29,"BOS"
"70",7,"Jared Sullinger","PF",81,260,"March 4, 1992","us","3","Ohio State University",10,2269260,5,23,81,73,1915,351,806,0.435,29,103,0.282,322,703,0.458,0.453,103,161,0.64,194,479,673,187,75,47,102,209,834,"BOS"
"71",8,"Jonas Jerebko","PF",82,231,"March 2, 1987","se","5","",6,5000000,9,28,78,0,1176,118,286,0.413,43,108,0.398,75,178,0.421,0.488,61,78,0.782,77,211,288,62,20,24,52,137,340,"BOS"
"72",55,"Jordan Mickey","PF",80,235,"July 9, 1994","us","R","Louisiana State University",16,1200000,15,21,16,0,57,8,22,0.364,0,0,NA,8,22,0.364,0.364,5,10,0.5,6,7,13,1,0,11,1,5,21,"BOS"
"73",41,"Kelly Olynyk","C",84,238,"April 19, 1991","ca","2","Gonzaga University",11,2165160,8,24,69,8,1395,253,556,0.455,85,210,0.405,168,346,0.486,0.531,96,128,0.75,72,209,281,105,52,33,74,163,687,"BOS"
"74",36,"Marcus Smart","PG",76,220,"March 6, 1994","us","1","Oklahoma State University",7,3431040,7,21,61,10,1667,184,529,0.348,61,241,0.253,123,288,0.427,0.405,129,166,0.777,76,179,255,185,91,18,80,183,558,"BOS"
"75",28,"R.J. Hunter","SG",77,185,"October 24, 1993","us","R","Georgia State University",17,1148640,12,22,36,0,315,36,98,0.367,19,63,0.302,17,35,0.486,0.464,6,7,0.857,2,35,37,13,14,4,11,29,97,"BOS"
"76",12,"Terry Rozier","PG",74,190,"March 17, 1994","us","R","University of Louisville",14,1824360,13,21,39,0,311,29,106,0.274,6,27,0.222,23,79,0.291,0.302,8,10,0.8,24,39,63,37,6,1,19,23,72,"BOS"
"77",44,"Tyler Zeller","C",84,253,"January 17, 1990","us","3","University of North Carolina",9,2616975,10,26,60,3,710,138,290,0.476,0,0,NA,138,290,0.476,0.476,88,108,0.815,62,116,178,29,10,22,46,97,364,"BOS"
"78",9,"Aaron Harrison","SG",78,210,"October 28, 1994","us","R","University of Kentucky",14,525093,16,21,21,0,93,5,19,0.263,3,10,0.3,2,9,0.222,0.342,5,12,0.417,4,11,15,2,6,0,4,10,18,"CHO"
"79",25,"Al Jefferson","C",82,289,"January 4, 1985","us","11","",1,13833333,8,31,47,18,1096,245,505,0.485,0,0,NA,245,505,0.485,0.485,72,111,0.649,57,244,301,70,30,41,34,117,562,"CHO"
"80",40,"Cody Zeller","C",84,240,"October 5, 1992","us","2","Indiana University",8,4204200,5,23,73,60,1774,231,437,0.529,1,10,0.1,230,427,0.539,0.53,175,232,0.754,138,317,455,71,57,63,68,204,638,"CHO"
"81",1,"Courtney Lee","SG",77,200,"October 3, 1985","us","7","Western Kentucky University",6,5675000,11,30,28,28,845,98,220,0.445,31,79,0.392,67,141,0.475,0.516,23,26,0.885,10,77,87,60,33,12,23,55,250,"CHO"
"82",44,"Frank Kaminsky","C",84,242,"April 4, 1993","us","R","University of Wisconsin",10,2612500,6,22,81,3,1708,215,525,0.41,68,202,0.337,147,323,0.455,0.474,108,148,0.73,69,266,335,98,38,43,58,126,606,"CHO"
"83",3,"Jeremy Lamb","SG",77,185,"May 30, 1992","us","3","University of Connecticut",9,3034356,7,23,66,0,1227,230,510,0.451,56,181,0.309,174,329,0.529,0.506,64,88,0.727,44,208,252,77,42,30,50,105,580,"CHO"
"84",7,"Jeremy Lin","SG",75,200,"August 23, 1988","us","5","Harvard University",11,2100000,4,27,78,13,2048,300,728,0.412,76,226,0.336,224,502,0.446,0.464,238,292,0.815,42,211,253,235,58,42,150,165,914,"CHO"
"85",12,"Jorge Gutierrez","PG",75,191,"December 27, 1988","mx","2","University of California",15,301444,17,27,12,0,63,6,11,0.545,0,2,0,6,9,0.667,0.545,10,11,0.909,0,7,7,17,3,0,6,3,22,"CHO"
"86",15,"Kemba Walker","PG",73,172,"May 8, 1990","us","4","University of Connecticut",3,12000000,1,25,81,81,2885,568,1331,0.427,182,490,0.371,386,841,0.459,0.495,371,438,0.847,56,301,357,421,126,39,171,111,1689,"CHO"
"87",2,"Marvin Williams","PF",81,237,"June 19, 1986","us","10","University of North Carolina",4,7000000,3,29,81,81,2338,338,747,0.452,152,378,0.402,186,369,0.504,0.554,120,144,0.833,127,394,521,110,58,77,62,133,948,"CHO"
"88",14,"Michael Kidd-Gilchrist","SF",79,232,"September 26, 1993","us","3","University of Kentucky",5,6331404,15,22,7,7,205,33,61,0.541,3,7,0.429,30,54,0.556,0.566,20,29,0.69,12,33,45,9,3,3,8,9,89,"CHO"
"89",5,"Nicolas Batum","SF",80,200,"December 14, 1988","fr","7","",2,12235750,2,27,70,70,2448,372,873,0.426,139,399,0.348,233,474,0.492,0.506,163,192,0.849,55,373,428,403,65,43,205,114,1046,"CHO"
"90",0,"Spencer Hawes","PF",85,245,"April 28, 1988","us","8","University of Washington",7,5543725,9,27,57,6,1035,124,306,0.405,38,102,0.373,86,204,0.422,0.467,54,65,0.831,51,193,244,109,22,27,58,111,340,"CHO"
"91",30,"Troy Daniels","SG",76,205,"July 15, 1991","us","2","Virginia Commonwealth University",13,947276,12,24,43,0,476,89,187,0.476,59,122,0.484,30,65,0.462,0.634,5,9,0.556,7,50,57,21,11,3,24,40,242,"CHO"
"92",50,"Tyler Hansbrough","PF",81,250,"November 3, 1985","us","6","University of North Carolina",12,1185784,13,30,44,0,343,32,71,0.451,2,3,0.667,30,68,0.441,0.465,38,65,0.585,40,49,89,8,12,7,12,55,104,"CHO"
"93",0,"C.J. Miles","SF",78,225,"April 18, 1987","us","10","",6,4394225,7,28,64,24,1464,259,634,0.409,142,387,0.367,117,247,0.474,0.521,93,124,0.75,25,150,175,63,53,29,70,142,753,"IND"
"94",10,"Chase Budinger","SF",79,209,"May 22, 1988","us","6","University of Arizona",5,5000000,11,27,49,2,729,81,194,0.418,20,69,0.29,61,125,0.488,0.469,34,48,0.708,31,90,121,49,29,9,31,46,216,"IND"
"95",3,"George Hill","PG",75,188,"May 4, 1986","us","7","Indiana University-Purdue University Indianapolis",3,8000000,3,29,74,73,2524,326,739,0.441,128,314,0.408,198,425,0.466,0.528,114,150,0.76,58,240,298,259,83,17,101,149,894,"IND"
"96",40,"Glenn Robinson","SF",78,222,"January 8, 1994","us","1","University of Michigan",15,845000,12,22,45,4,508,65,151,0.43,14,37,0.378,51,114,0.447,0.477,27,39,0.692,12,56,68,26,17,9,18,21,171,"IND"
"97",28,"Ian Mahinmi","C",83,250,"November 5, 1986","fr","7","",8,4000000,4,29,71,71,1816,264,448,0.589,0,0,NA,264,448,0.589,0.589,132,225,0.587,138,369,507,104,65,75,100,220,660,"IND"
"98",27,"Jordan Hill","C",82,235,"July 27, 1987","us","6","University of Arizona",7,4000000,6,28,73,11,1513,278,549,0.506,0,1,0,278,548,0.507,0.506,89,125,0.712,156,295,451,87,36,37,92,155,645,"IND"
"99",5,"Lavoy Allen","PF",81,260,"February 4, 1989","us","4","Temple University",9,3700000,5,26,79,28,1599,191,370,0.516,0,0,NA,191,370,0.516,0.516,46,73,0.63,162,262,424,76,26,42,69,147,428,"IND"
"100",11,"Monta Ellis","SG",75,185,"October 26, 1985","us","10","",2,10300000,2,30,81,81,2734,436,1021,0.427,87,282,0.309,349,739,0.472,0.47,162,206,0.786,42,229,271,383,150,37,203,174,1121,"IND"
"101",33,"Myles Turner","C",83,243,"March 24, 1996","us","R","University of Texas at Austin",10,2357760,8,19,60,30,1367,264,530,0.498,3,14,0.214,261,516,0.506,0.501,88,121,0.727,68,264,332,41,25,86,67,158,619,"IND"
"102",13,"Paul George","SF",81,220,"May 2, 1990","us","5","California State University, Fresno",1,17120106,1,25,81,81,2819,605,1449,0.418,210,566,0.371,395,883,0.447,0.49,454,528,0.86,79,484,563,329,152,29,265,230,1874,"IND"
"103",25,"Rakeem Christmas","PF",81,250,"December 1, 1991","us","R","Syracuse University",12,1000000,16,24,1,0,6,2,2,1,0,0,NA,2,2,1,1,0,0,NA,1,0,1,0,0,0,0,1,4,"IND"
"104",2,"Rodney Stuckey","PG",77,210,"April 21, 1986","us","8","Eastern Washington University",4,6500000,9,29,58,1,1275,183,443,0.413,20,83,0.241,163,360,0.453,0.436,131,158,0.829,19,137,156,142,43,8,76,77,517,"IND"
"105",42,"Shayne Whittington","PF",83,250,"March 27, 1991","us","1","Western Michigan University",14,845059,15,24,7,0,41,5,11,0.455,0,2,0,5,9,0.556,0.455,1,2,0.5,5,7,12,3,1,1,5,7,11,"IND"
"106",44,"Solomon Hill","SF",79,225,"March 18, 1991","us","2","University of Arizona",11,1358880,10,24,59,3,866,93,208,0.447,24,74,0.324,69,134,0.515,0.505,36,42,0.857,39,127,166,57,37,11,33,68,246,"IND"
"107",10,"Ty Lawson","PG",71,195,"November 3, 1987","us","6","University of North Carolina",17,265058,14,28,13,1,235,28,67,0.418,5,14,0.357,23,53,0.434,0.455,3,6,0.5,6,25,31,57,10,1,13,16,64,"IND"
"108",0,"Andre Drummond","C",83,279,"August 10, 1993","us","3","University of Connecticut",7,3272091,3,22,81,81,2666,552,1060,0.521,2,6,0.333,550,1054,0.522,0.522,208,586,0.355,395,803,1198,67,119,112,155,245,1314,"DET"
"109",43,"Anthony Tolliver","PF",80,240,"June 1, 1985","us","7","Creighton University",8,3000000,7,30,72,5,1341,128,332,0.386,98,272,0.36,30,60,0.5,0.533,29,47,0.617,39,190,229,52,26,16,28,86,383,"DET"
"110",12,"Aron Baynes","C",82,260,"December 9, 1986","nz","3","Washington State University",3,6500000,8,29,81,1,1233,194,384,0.505,0,2,0,194,382,0.508,0.505,126,165,0.764,140,244,384,51,21,52,67,151,514,"DET"
"111",6,"Darrun Hilliard","SG",78,205,"April 13, 1993","us","R","Villanova University",17,525093,13,22,38,2,383,52,131,0.397,19,50,0.38,33,81,0.407,0.469,29,40,0.725,5,40,45,27,9,1,19,28,152,"DET"
"112",20,"Jodie Meeks","SG",76,210,"August 21, 1987","us","6","University of Kentucky",4,6270000,16,28,3,0,43,7,20,0.35,4,9,0.444,3,11,0.273,0.45,4,4,1,1,4,5,3,0,0,1,2,22,"DET"
"113",50,"Joel Anthony","C",81,245,"August 9, 1982","ca","8","University of Nevada, Las Vegas",11,2500000,15,33,19,0,96,6,10,0.6,0,0,NA,6,10,0.6,0.6,6,8,0.75,8,13,21,1,2,12,2,15,18,"DET"
"114",32,"Justin Harper","PF",82,225,"August 30, 1989","us","1","University of Richmond",20,99418,17,26,5,0,35,4,10,0.4,4,9,0.444,0,1,0,0.6,1,2,0.5,0,1,1,0,1,0,2,3,13,"DET"
"115",5,"Kentavious Caldwell-Pope","SG",77,205,"February 18, 1993","us","2","University of Georgia",9,2891760,2,22,76,76,2789,403,960,0.42,114,369,0.309,289,591,0.489,0.479,185,228,0.811,70,212,282,138,110,17,105,167,1105,"DET"
"116",13,"Marcus Morris","SF",81,235,"September 2, 1989","us","4","University of Kansas",6,5000000,1,26,80,80,2856,410,945,0.434,108,298,0.362,302,647,0.467,0.491,203,271,0.749,91,313,404,201,67,23,140,170,1131,"DET"
"117",25,"Reggie Bullock","SF",79,205,"March 16, 1991","us","2","University of North Carolina",15,1252440,11,24,37,0,429,43,98,0.439,22,53,0.415,21,45,0.467,0.551,14,15,0.933,14,54,68,27,10,2,8,29,122,"DET"
"118",1,"Reggie Jackson","PG",75,208,"April 16, 1990","it","4","Boston College",2,14000000,4,25,79,79,2424,540,1244,0.434,118,334,0.353,422,910,0.464,0.482,291,337,0.864,58,195,253,492,59,11,223,187,1489,"DET"
"119",8,"Spencer Dinwiddie","PG",78,200,"April 6, 1993","us","1","University of Colorado",16,845059,14,22,12,0,159,19,54,0.352,1,10,0.1,18,44,0.409,0.361,19,33,0.576,4,13,17,22,3,0,7,20,58,"DET"
"120",3,"Stanley Johnson","SF",79,245,"May 29, 1996","us","R","University of Arizona",10,2841960,5,19,73,6,1687,225,600,0.375,63,205,0.307,162,395,0.41,0.428,80,102,0.784,58,248,306,118,55,12,114,178,593,"DET"
"121",22,"Steve Blake","PG",75,172,"February 26, 1980","us","12","University of Maryland",13,2170465,9,35,58,2,986,93,240,0.388,52,151,0.344,41,89,0.461,0.496,16,20,0.8,9,80,89,200,24,5,81,70,254,"DET"
"122",34,"Tobias Harris","PF",81,235,"July 15, 1992","us","4","University of Tennessee",1,16000000,10,23,27,25,903,166,348,0.477,33,88,0.375,133,260,0.512,0.524,82,90,0.911,25,143,168,70,18,12,30,62,447,"DET"
"123",0,"Aaron Brooks","PG",72,161,"January 14, 1985","us","7","University of Oregon",9,2000000,9,31,69,0,1108,188,469,0.401,66,185,0.357,122,284,0.43,0.471,49,64,0.766,21,80,101,180,30,10,82,132,491,"CHI"
"124",5,"Bobby Portis","PF",83,230,"February 10, 1995","us","R","University of Arkansas",11,1391160,10,20,62,4,1102,186,436,0.427,16,52,0.308,170,384,0.443,0.445,48,66,0.727,123,214,337,52,25,22,54,100,436,"CHI"
"125",41,"Cameron Bairstow","C",81,250,"December 7, 1990","au","1","University of New Mexico",14,845059,16,25,18,2,103,13,40,0.325,1,5,0.2,12,35,0.343,0.338,7,8,0.875,4,24,28,6,2,3,4,19,34,"CHI"
"126",6,"Cristiano Felicio","C",82,275,"July 7, 1992","br","R","",15,525090,15,23,31,4,321,40,72,0.556,0,4,0,40,68,0.588,0.556,25,35,0.714,30,72,102,26,6,13,13,31,105,"CHI"
"127",1,"Derrick Rose","PG",75,190,"October 4, 1988","us","6","University of Memphis",1,20093063,3,27,66,66,2097,447,1048,0.427,44,150,0.293,403,898,0.449,0.448,142,179,0.793,46,179,225,311,44,14,175,84,1080,"CHI"
"128",3,"Doug McDermott","SF",80,225,"January 3, 1992","us","1","Creighton University",8,2380440,5,24,81,4,1861,291,644,0.452,110,259,0.425,181,385,0.47,0.537,72,84,0.857,37,158,195,59,14,6,53,127,764,"CHI"
"129",55,"E'Twaun Moore","SG",76,191,"February 28, 1989","us","4","Purdue University",12,1015421,8,26,59,22,1263,187,389,0.481,47,104,0.452,140,285,0.491,0.541,22,35,0.629,19,114,133,99,37,18,53,103,443,"CHI"
"130",21,"Jimmy Butler","SG",79,220,"September 14, 1989","us","4","Marquette University",2,15260000,1,26,67,67,2474,470,1035,0.454,64,205,0.312,406,830,0.489,0.485,395,475,0.832,79,279,358,321,110,43,132,124,1399,"CHI"
"131",13,"Joakim Noah","C",83,230,"February 25, 1985","us","8","University of Florida",3,13400000,12,30,29,2,635,51,133,0.383,0,1,0,51,132,0.386,0.383,22,45,0.489,87,168,255,110,18,29,52,77,124,"CHI"
"132",7,"Justin Holiday","SG",78,185,"April 5, 1989","us","2","University of Washington",13,947300,14,26,27,4,510,64,155,0.413,26,60,0.433,38,95,0.4,0.497,22,27,0.815,8,55,63,45,19,15,26,40,176,"CHI"
"133",34,"Mike Dunleavy","SF",81,230,"September 15, 1980","us","13","Duke University",7,4500000,11,35,31,30,703,77,188,0.41,39,99,0.394,38,89,0.427,0.513,29,37,0.784,8,75,83,39,14,10,26,66,222,"CHI"
"134",44,"Nikola Mirotic","PF",82,220,"February 11, 1991","me","1","",6,5543725,6,24,66,38,1646,248,609,0.407,135,346,0.39,113,263,0.43,0.518,146,181,0.807,58,304,362,100,58,46,102,151,777,"CHI"
"135",16,"Pau Gasol","C",84,250,"July 6, 1980","es","14","",5,7448760,2,35,72,72,2291,467,995,0.469,24,69,0.348,443,926,0.478,0.481,229,289,0.792,155,638,793,294,42,146,164,148,1187,"CHI"
"136",22,"Taj Gibson","PF",81,225,"June 24, 1985","us","6","University of Southern California",4,8500000,4,30,73,55,1936,263,500,0.526,0,3,0,263,497,0.529,0.526,101,146,0.692,206,298,504,106,47,77,78,180,627,"CHI"
"137",20,"Tony Snell","SF",79,200,"November 10, 1991","us","2","University of New Mexico",10,1535880,7,24,64,33,1301,126,339,0.372,56,155,0.361,70,184,0.38,0.454,30,33,0.909,19,180,199,63,16,17,52,100,338,"CHI"
"138",6,"Alan Anderson","SG",78,220,"October 16, 1982","us","6","Michigan State University",9,4000000,16,33,13,0,192,21,59,0.356,12,37,0.324,9,22,0.409,0.458,11,15,0.733,1,26,27,14,4,1,2,25,65,"WAS"
"139",3,"Bradley Beal","SG",77,207,"June 28, 1993","us","3","University of Florida",5,5694674,6,22,55,35,1708,359,799,0.449,105,271,0.387,254,528,0.481,0.515,135,176,0.767,41,147,188,162,54,11,112,117,958,"WAS"
"140",90,"Drew Gooden","PF",82,250,"September 24, 1981","us","13","University of Kansas",10,3300000,13,34,30,0,305,33,103,0.32,7,41,0.171,26,62,0.419,0.354,9,14,0.643,28,57,85,13,8,11,13,40,82,"WAS"
"141",17,"Garrett Temple","SF",78,195,"May 8, 1986","us","5","Louisiana State University",14,1100602,5,29,80,43,1951,201,505,0.398,89,258,0.345,112,247,0.453,0.486,91,125,0.728,36,176,212,140,69,18,64,195,582,"WAS"
"142",14,"Gary Neal","SG",76,210,"October 3, 1984","us","5","Towson University",12,2100000,9,31,40,2,807,151,325,0.465,41,100,0.41,110,225,0.489,0.528,47,55,0.855,11,72,83,47,20,1,29,55,390,"WAS"
"143",21,"J.J. Hickson","C",81,242,"September 4, 1988","us","7","North Carolina State University",16,366337,18,27,15,0,131,25,46,0.543,0,1,0,25,45,0.556,0.543,19,44,0.432,17,28,45,7,5,2,9,12,69,"WAS"
"144",1,"Jared Dudley","PF",79,225,"July 10, 1985","us","8","Boston College",8,4250000,4,30,81,41,2098,233,487,0.478,100,238,0.42,133,249,0.534,0.581,72,98,0.735,54,232,286,170,75,18,80,190,638,"WAS"
"145",8,"Jarell Eddie","SF",79,218,"October 30, 1991","us","R","Virginia Polytechnic Institute and State University",15,561716,17,24,26,0,147,20,65,0.308,15,47,0.319,5,18,0.278,0.423,8,8,1,2,21,23,5,5,1,1,5,63,"WAS"
"146",2,"John Wall","PG",76,195,"September 6, 1990","us","5","University of Kentucky",1,15851950,1,25,77,77,2784,572,1349,0.424,115,328,0.351,457,1021,0.448,0.467,272,344,0.791,42,337,379,789,145,59,318,159,1531,"WAS"
"147",12,"Kelly Oubre","SF",79,205,"December 9, 1995","us","R","University of Kansas",13,1920240,11,20,63,9,671,90,211,0.427,25,79,0.316,65,132,0.492,0.486,31,49,0.633,25,108,133,13,22,7,34,100,236,"WAS"
"148",13,"Marcin Gortat","C",83,240,"February 17, 1984","pl","8","",3,11217391,3,31,75,74,2256,433,764,0.567,0,1,0,433,763,0.567,0.567,146,207,0.705,222,519,741,106,47,96,121,193,1012,"WAS"
"149",15,"Marcus Thornton","SG",76,205,"June 5, 1987","us","6","Louisiana State University",17,251107,14,28,14,2,224,42,107,0.393,18,54,0.333,24,53,0.453,0.477,16,21,0.762,7,28,35,19,13,1,11,17,118,"WAS"
"150",5,"Markieff Morris","PF",82,245,"September 2, 1989","us","4","University of Kansas",4,8000000,10,26,27,21,712,134,287,0.467,25,79,0.316,109,208,0.524,0.51,42,55,0.764,30,128,158,37,25,17,45,80,335,"WAS"
"151",42,"Nene Hilario","PF",83,250,"September 13, 1982","br","13","",2,13000000,8,33,57,11,1094,209,384,0.544,0,3,0,209,381,0.549,0.544,107,185,0.578,52,207,259,97,54,26,76,156,525,"WAS"
"152",22,"Otto Porter","SF",80,198,"June 3, 1993","us","2","Georgetown University",7,4662960,2,22,75,73,2276,339,717,0.473,98,267,0.367,241,450,0.536,0.541,95,126,0.754,97,294,391,120,105,32,70,163,871,"WAS"
"153",7,"Ramon Sessions","PG",75,190,"April 11, 1986","us","8","University of Nevada, Reno",11,2170465,7,29,82,5,1667,280,592,0.473,36,111,0.324,244,481,0.507,0.503,214,283,0.756,25,178,203,239,46,5,115,102,810,"WAS"
"154",15,"Ryan Hollins","C",84,240,"October 10, 1984","us","9","University of California, Los Angeles",18,176375,19,31,5,3,48,4,7,0.571,0,0,NA,4,7,0.571,0.571,0,0,NA,7,4,11,0,0,1,3,4,8,"WAS"
"155",0,"Aaron Gordon","PF",81,220,"September 16, 1995","us","1","University of Arizona",7,4171680,5,20,78,37,1863,274,579,0.473,42,142,0.296,232,437,0.531,0.509,129,193,0.668,154,353,507,128,59,55,66,153,719,"ORL"
"156",44,"Andrew Nicholson","PF",81,250,"December 8, 1989","ca","3","St. Bonaventure University",10,2380594,9,26,56,0,823,146,310,0.471,41,114,0.36,105,196,0.536,0.537,51,65,0.785,34,167,201,25,10,22,41,69,384,"ORL"
"157",55,"Brandon Jennings","PG",73,170,"September 23, 1989","us","6","",2,8344497,14,26,25,6,452,59,161,0.366,27,78,0.346,32,83,0.386,0.45,30,40,0.75,11,39,50,100,18,5,35,33,175,"ORL"
"158",32,"C.J. Watson","PG",74,175,"April 17, 1984","us","8","University of Tennessee",5,5000000,12,31,33,2,656,47,137,0.343,14,48,0.292,33,89,0.371,0.394,34,39,0.872,10,56,66,88,19,5,25,49,142,"ORL"
"159",11,"Devyn Marble","SG",78,200,"September 21, 1992","us","1","University of Iowa",16,845059,16,23,28,0,249,21,71,0.296,8,32,0.25,13,39,0.333,0.352,10,24,0.417,6,32,38,12,13,1,7,25,60,"ORL"
"160",3,"Dewayne Dedmon","C",84,245,"August 12, 1989","us","2","University of Southern California",15,947278,11,26,58,20,705,99,177,0.559,0,0,NA,99,177,0.559,0.559,57,76,0.75,67,161,228,13,22,46,32,109,255,"ORL"
"161",4,"Elfrid Payton","PG",76,185,"February 22, 1994","us","1","University of Louisiana at Lafayette",9,2505720,3,21,73,69,2145,318,730,0.436,30,92,0.326,288,638,0.451,0.456,112,190,0.589,77,184,261,468,89,20,177,159,778,"ORL"
"162",7,"Ersan Ilyasova","PF",82,235,"May 15, 1987","tr","7","",3,7900000,15,28,22,4,447,64,153,0.418,18,44,0.409,46,109,0.422,0.477,32,45,0.711,45,76,121,12,14,6,12,51,178,"ORL"
"163",10,"Evan Fournier","SF",79,205,"October 29, 1992","fr","3","",11,2288205,1,23,79,71,2566,429,929,0.462,156,390,0.4,273,539,0.506,0.546,199,238,0.836,33,192,225,213,96,2,133,214,1213,"ORL"
"164",14,"Jason Smith","C",84,245,"March 2, 1986","us","7","Colorado State University",6,4300000,8,29,76,2,1181,244,503,0.485,4,16,0.25,240,487,0.493,0.489,54,67,0.806,53,166,219,62,33,65,57,163,546,"ORL"
"165",15,"Keith Appling","PG",73,185,"February 13, 1992","us","R","Michigan State University",18,161776,17,23,5,0,27,2,8,0.25,0,3,0,2,5,0.4,0.25,2,2,1,0,1,1,1,1,0,3,5,6,"ORL"
"166",23,"Mario Hezonja","SF",80,215,"February 25, 1995","hr","R","",8,3741480,7,20,79,9,1413,181,418,0.433,67,192,0.349,114,226,0.504,0.513,49,54,0.907,28,148,176,109,39,17,97,124,478,"ORL"
"167",9,"Nikola Vucevic","C",84,260,"October 24, 1990","ch","4","University of Southern California",1,11250000,4,25,65,60,2037,533,1046,0.51,2,9,0.222,531,1037,0.512,0.511,113,150,0.753,174,402,576,179,53,70,123,173,1181,"ORL"
"168",13,"Shabazz Napier","PG",73,175,"July 14, 1991","us","1","University of Connecticut",12,1294440,13,24,55,0,600,68,201,0.338,34,104,0.327,34,97,0.351,0.423,33,45,0.733,9,46,55,97,23,1,46,38,203,"ORL"
"169",5,"Victor Oladipo","SG",76,210,"May 4, 1992","us","2","Indiana University",4,5192520,2,23,72,52,2379,425,970,0.438,98,282,0.348,327,688,0.475,0.489,205,247,0.83,48,297,345,282,116,54,153,174,1153,"ORL"
"170",17,"Damien Inglis","SF",80,246,"May 20, 1995","gf","R","",14,855000,15,20,20,1,156,13,37,0.351,3,13,0.231,10,24,0.417,0.392,7,8,0.875,2,29,31,10,6,3,11,11,36,"MIL"
"171",34,"Giannis Antetokounmpo","PG",83,222,"December 6, 1994","gr","2","",10,1953960,2,21,80,79,2823,513,1013,0.506,28,109,0.257,485,904,0.537,0.52,296,409,0.724,113,499,612,345,94,113,208,258,1350,"MIL"
"172",15,"Greg Monroe","C",83,265,"June 4, 1990","us","5","Georgetown University",1,16400000,4,25,79,67,2314,491,941,0.522,0,1,0,491,940,0.522,0.522,228,308,0.74,218,478,696,178,72,67,129,163,1210,"MIL"
"173",21,"Greivis Vasquez","PG",78,217,"January 16, 1987","ve","5","University of Maryland",4,6600000,13,29,23,0,460,45,138,0.326,18,73,0.247,27,65,0.415,0.391,22,26,0.846,5,42,47,91,10,0,40,42,130,"MIL"
"174",12,"Jabari Parker","PF",80,250,"March 15, 1995","us","1","Duke University",5,5152440,3,20,76,72,2408,443,899,0.493,9,35,0.257,434,864,0.502,0.498,175,228,0.768,123,272,395,130,69,29,116,154,1070,"MIL"
"175",9,"Jared Cunningham","SG",76,195,"May 22, 1991","us","3","Oregon State University",17,57726,16,24,4,0,55,4,14,0.286,2,7,0.286,2,7,0.286,0.357,6,7,0.857,0,9,9,1,2,0,3,4,16,"MIL"
"176",19,"Jerryd Bayless","SG",75,200,"August 20, 1988","us","7","University of Arizona",6,3000000,6,27,52,18,1505,185,437,0.423,101,231,0.437,84,206,0.408,0.539,70,90,0.778,21,120,141,163,47,11,73,111,541,"MIL"
"177",31,"John Henson","C",83,229,"December 28, 1990","us","3","University of North Carolina",7,2943221,9,25,57,1,960,164,291,0.564,0,1,0,164,290,0.566,0.564,69,117,0.59,87,134,221,54,18,109,64,131,397,"MIL"
"178",77,"Johnny O'Bryant","PF",81,257,"June 1, 1993","us","1","Louisiana State University",15,845059,11,22,66,4,857,86,209,0.411,1,1,1,85,208,0.409,0.414,27,40,0.675,65,111,176,32,18,8,31,100,200,"MIL"
"179",22,"Khris Middleton","SG",80,234,"August 12, 1991","us","3","Texas A&M University",2,15000000,1,24,79,79,2852,507,1142,0.444,143,361,0.396,364,781,0.466,0.507,277,312,0.888,44,258,302,331,131,19,180,204,1434,"MIL"
"180",5,"Michael Carter-Williams","PG",78,190,"October 10, 1991","us","2","Syracuse University",8,2399040,5,24,54,37,1649,251,555,0.452,15,55,0.273,236,500,0.472,0.466,106,162,0.654,48,228,276,281,80,41,153,162,623,"MIL"
"181",18,"Miles Plumlee","C",83,249,"September 1, 1988","us","3","Duke University",9,2109294,10,27,61,14,870,140,233,0.601,0,0,NA,140,233,0.601,0.601,34,59,0.576,94,138,232,16,21,50,40,73,314,"MIL"
"182",3,"O.J. Mayo","SG",77,210,"November 5, 1987","us","7","University of Southern California",3,8000000,7,28,41,24,1090,119,321,0.371,52,162,0.321,67,159,0.421,0.452,31,40,0.775,13,92,105,118,48,8,72,126,321,"MIL"
"183",20,"Rashad Vaughn","SG",78,202,"August 16, 1996","us","R","University of Nevada, Las Vegas",12,1733040,8,19,70,6,1001,81,266,0.305,43,147,0.293,38,119,0.319,0.385,12,15,0.8,11,77,88,39,29,16,28,73,217,"MIL"
"184",6,"Steve Novak","PF",82,225,"June 13, 1983","us","9","Marquette University",16,416886,17,32,3,0,20,2,6,0.333,2,6,0.333,0,0,NA,0.5,1,1,1,0,1,1,0,0,0,0,2,7,"MIL"
"185",11,"Tyler Ennis","PG",75,194,"August 24, 1994","ca","1","Syracuse University",13,1662360,12,21,46,7,654,84,187,0.449,13,39,0.333,71,148,0.48,0.484,25,34,0.735,13,62,75,95,25,1,46,64,206,"MIL"
"186",4,"Arron Afflalo","SG",77,210,"October 15, 1985","us","8","University of California, Los Angeles",3,8000000,2,30,71,57,2371,354,799,0.443,91,238,0.382,263,561,0.469,0.5,110,131,0.84,23,243,266,144,25,10,82,142,909,"NYK"
"187",7,"Carmelo Anthony","SF",80,240,"May 29, 1984","us","12","Syracuse University",1,22875000,1,31,72,72,2530,567,1307,0.434,105,310,0.339,462,997,0.463,0.474,334,403,0.829,98,458,556,299,62,38,176,180,1573,"NYK"
"188",11,"Cleanthony Early","SF",80,210,"April 17, 1991","us","1","Wichita State University",13,845059,14,24,17,2,154,12,40,0.3,4,15,0.267,8,25,0.32,0.35,3,4,0.75,4,22,26,6,2,3,9,16,31,"NYK"
"189",23,"Derrick Williams","SF",80,240,"May 25, 1991","us","4","University of Arizona",5,4900000,7,24,80,9,1435,254,565,0.45,44,150,0.293,210,415,0.506,0.488,194,256,0.758,47,249,296,75,29,9,61,69,746,"NYK"
"190",13,"Jerian Grant","PG",76,195,"October 9, 1992","us","R","University of Notre Dame",11,1572360,9,23,76,6,1265,154,391,0.394,22,100,0.22,132,291,0.454,0.422,96,123,0.78,23,120,143,177,50,10,87,97,426,"NYK"
"191",32,"Jimmer Fredette","SG",74,195,"February 25, 1989","us","4","Brigham Young University",19,59731,16,26,2,0,5,1,1,1,1,1,1,0,0,NA,1.5,4,5,0.8,0,0,0,0,0,0,1,1,7,"NYK"
"192",3,"Jose Calderon","PG",75,200,"September 28, 1981","es","10","",4,7402812,6,34,72,72,2024,209,455,0.459,84,203,0.414,125,252,0.496,0.552,42,48,0.875,22,207,229,299,63,7,87,135,544,"NYK"
"193",1,"Kevin Seraphin","C",81,285,"December 7, 1989","gf","5","",8,2800000,12,26,48,0,526,84,205,0.41,0,2,0,84,203,0.414,0.41,19,23,0.826,31,95,126,47,8,36,43,67,187,"NYK"
"194",6,"Kristaps Porzingis","PF",87,240,"August 2, 1995","lv","R","",6,4131720,4,20,72,72,2047,373,886,0.421,81,243,0.333,292,643,0.454,0.467,201,240,0.838,132,394,526,93,53,134,121,205,1028,"NYK"
"195",9,"Kyle O'Quinn","PF",82,250,"March 26, 1990","us","3","Norfolk State University",7,3750000,11,25,65,1,764,129,271,0.476,5,22,0.227,124,249,0.498,0.485,46,60,0.767,76,174,250,72,20,49,61,107,309,"NYK"
"196",42,"Lance Thomas","PF",80,235,"April 24, 1988","us","4","Duke University",10,1650000,8,27,59,5,1313,169,382,0.442,44,109,0.404,125,273,0.458,0.5,102,119,0.857,34,97,131,53,22,7,57,109,484,"NYK"
"197",2,"Langston Galloway","PG",74,200,"December 9, 1991","us","1","Saint Joseph's University",14,845059,5,24,82,7,2033,231,588,0.393,77,224,0.344,154,364,0.423,0.458,86,114,0.754,43,245,288,207,77,22,61,177,625,"NYK"
"198",17,"Lou Amundson","PF",81,220,"December 7, 1982","us","9","University of Nevada, Las Vegas",9,1650000,13,33,29,0,204,19,53,0.358,0,0,NA,19,53,0.358,0.358,14,27,0.519,23,26,49,12,6,7,15,44,52,"NYK"
"199",8,"Robin Lopez","C",84,255,"April 1, 1988","us","7","Stanford University",2,13000000,3,27,82,82,2219,357,662,0.539,0,1,0,357,661,0.54,0.539,128,161,0.795,268,334,602,114,16,129,133,182,842,"NYK"
"200",18,"Sasha Vujacic","SG",79,195,"March 8, 1984","si","8","",12,1356146,10,31,61,25,908,106,277,0.383,52,143,0.364,54,134,0.403,0.477,32,39,0.821,26,123,149,84,34,5,44,83,296,"NYK"
"201",43,"Thanasis Antetokounmpo","SF",79,205,"July 17, 1992","gr","R","",16,105888,15,23,2,0,6,3,4,0.75,0,1,0,3,3,1,0.75,0,0,NA,0,1,1,0,0,0,0,2,6,"NYK"
"202",9,"Andrea Bargnani","C",84,245,"October 26, 1985","it","9","",10,1362900,11,30,46,0,634,127,279,0.455,3,16,0.188,124,263,0.471,0.461,47,57,0.825,28,69,97,18,4,9,26,61,304,"BRK"
"203",44,"Bojan Bogdanovic","SF",80,216,"April 18, 1989","ba","1","",6,3425510,3,26,79,39,2115,324,749,0.433,129,338,0.382,195,411,0.474,0.519,110,132,0.833,36,219,255,99,29,5,115,119,887,"BRK"
"204",11,"Brook Lopez","C",84,275,"April 1, 1988","us","7","Stanford University",2,20000000,1,27,73,73,2457,591,1157,0.511,2,14,0.143,589,1143,0.515,0.512,317,403,0.787,204,369,573,147,58,124,175,215,1501,"BRK"
"205",1,"Chris McCullough","PF",83,200,"February 5, 1995","us","R","Syracuse University",12,1140240,16,20,24,4,362,44,109,0.404,13,34,0.382,31,75,0.413,0.463,11,23,0.478,25,43,68,9,28,12,15,39,112,"BRK"
"206",15,"Donald Sloan","PG",75,205,"January 15, 1988","us","4","Texas A&M University",13,1015421,7,28,61,33,1318,154,350,0.44,38,99,0.384,116,251,0.462,0.494,78,104,0.75,17,156,173,268,32,4,80,73,424,"BRK"
"207",14,"Henry Sims","C",82,248,"March 27, 1990","us","3","Georgetown University",18,161622,17,25,14,4,263,33,77,0.429,0,0,NA,33,77,0.429,0.429,25,30,0.833,21,51,72,9,9,14,12,37,91,"BRK"
"208",2,"Jarrett Jack","PG",75,200,"October 28, 1983","us","10","Georgia Institute of Technology",4,6300000,8,32,32,32,1027,140,358,0.391,31,102,0.304,109,256,0.426,0.434,100,112,0.893,9,127,136,236,34,7,94,77,411,"BRK"
"210",22,"Markel Brown","SG",75,190,"January 29, 1992","us","1","Oklahoma State University",16,845059,9,24,62,6,982,127,322,0.394,38,121,0.314,89,201,0.443,0.453,71,94,0.755,23,99,122,91,38,15,54,94,363,"BRK"
"211",24,"Rondae Hollis-Jefferson","SF",79,220,"January 3, 1995","us","R","University of Arizona",11,1335480,12,21,29,17,615,63,138,0.457,4,14,0.286,59,124,0.476,0.471,37,52,0.712,39,115,154,43,39,16,26,61,167,"BRK"
"212",6,"Sean Kilpatrick","SG",76,210,"January 6, 1990","us","1","University of Cincinnati",17,320594,13,26,23,0,534,115,249,0.462,35,97,0.361,80,152,0.526,0.532,53,59,0.898,10,40,50,26,10,2,27,30,318,"BRK"
"213",10,"Sergey Karasev","SF",79,208,"October 26, 1993","ru","2","",7,1599840,15,22,40,5,399,30,74,0.405,11,37,0.297,19,37,0.514,0.48,26,28,0.929,8,50,58,35,6,2,22,27,97,"BRK"
"214",0,"Shane Larkin","PG",71,175,"October 2, 1992","us","2","University of Miami",8,1500000,5,23,78,17,1751,222,502,0.442,39,108,0.361,183,394,0.464,0.481,83,107,0.776,28,152,180,342,95,12,146,121,566,"BRK"
"215",30,"Thaddeus Young","PF",80,221,"June 21, 1988","us","8","Georgia Institute of Technology",3,11200000,2,27,73,73,2407,495,963,0.514,7,30,0.233,488,933,0.523,0.518,105,163,0.644,176,484,660,135,112,37,136,182,1102,"BRK"
"216",41,"Thomas Robinson","PF",82,237,"March 17, 1991","us","3","University of Kansas",14,981300,10,24,71,7,917,130,291,0.447,0,1,0,130,290,0.448,0.447,47,109,0.431,136,223,359,46,39,36,69,111,307,"BRK"
"217",21,"Wayne Ellington","SG",76,200,"October 29, 1987","us","6","University of North Carolina",9,1500000,6,28,76,41,1615,218,561,0.389,96,268,0.358,122,293,0.416,0.474,54,63,0.857,20,154,174,83,48,5,45,82,586,"BRK"
"218",33,"Willie Reed","PF",82,220,"May 16, 1990","us","R","Saint Louis University",15,947276,14,25,39,2,426,76,133,0.571,0,0,NA,76,133,0.571,0.571,30,55,0.545,49,73,122,10,6,30,16,47,182,"BRK"
"219",7,"Carl Landry","PF",81,248,"September 19, 1983","us","8","Purdue University",3,6500000,12,32,36,12,569,139,250,0.556,6,13,0.462,133,237,0.561,0.568,67,91,0.736,49,97,146,32,12,9,22,69,351,"PHI"
"220",35,"Christian Wood","PF",83,220,"September 27, 1995","us","R","University of Nevada, Las Vegas",22,305789,16,20,17,0,145,22,53,0.415,4,11,0.364,18,42,0.429,0.453,13,21,0.619,13,25,38,3,5,7,2,11,61,"PHI"
"221",42,"Elton Brand","C",80,275,"March 11, 1979","us","16","Duke University",17,890693,14,36,17,1,225,31,72,0.431,0,1,0,31,71,0.437,0.431,8,9,0.889,9,54,63,18,9,8,11,32,70,"PHI"
"222",31,"Hollis Thompson","SG",80,206,"April 3, 1991","us","2","Georgetown University",16,947276,1,24,77,17,2154,270,680,0.397,149,392,0.38,121,288,0.42,0.507,69,96,0.719,54,218,272,99,36,24,76,187,758,"PHI"
"223",0,"Isaiah Canaan","SG",72,201,"May 21, 1991","us","2","Murray State University",15,947276,3,24,77,39,1966,260,722,0.36,176,485,0.363,84,237,0.354,0.482,150,180,0.833,20,154,174,137,56,12,91,133,846,"PHI"
"224",1,"Ish Smith","PG",72,175,"July 5, 1988","us","5","Wake Forest University",12,1100602,7,27,50,50,1622,299,739,0.405,46,137,0.336,253,602,0.42,0.436,89,133,0.669,29,184,213,348,64,18,130,95,733,"PHI"
"225",8,"Jahlil Okafor","C",83,275,"December 15, 1995","us","R","Duke University",5,4582680,9,20,53,48,1591,397,781,0.508,1,6,0.167,396,775,0.511,0.509,133,194,0.686,122,251,373,65,22,61,124,140,928,"PHI"
"226",9,"JaKarr Sampson","SF",81,214,"March 20, 1993","us","1","St. John's University",18,845059,11,22,47,18,691,86,202,0.426,6,34,0.176,80,168,0.476,0.441,62,97,0.639,30,99,129,30,11,16,51,91,240,"PHI"
"227",39,"Jerami Grant","SF",80,210,"March 12, 1994","us","1","Syracuse University",19,845059,2,21,77,52,2066,251,599,0.419,35,146,0.24,216,453,0.477,0.448,212,322,0.658,99,262,361,135,54,127,110,215,749,"PHI"
"228",5,"Kendall Marshall","PG",76,200,"August 19, 1991","us","3","University of North Carolina",11,2144722,13,24,30,6,400,43,118,0.364,16,49,0.327,27,69,0.391,0.432,9,13,0.692,2,26,28,73,16,2,43,30,111,"PHI"
"229",4,"Nerlens Noel","C",83,228,"April 10, 1994","us","1","University of Kentucky",6,3457800,4,21,67,62,1965,306,587,0.521,1,2,0.5,305,585,0.521,0.522,134,227,0.59,154,388,542,122,118,100,158,192,747,"PHI"
"230",11,"Nik Stauskas","SG",78,205,"October 7, 1993","ca","1","University of Michigan",8,2869440,6,22,73,35,1809,210,545,0.385,106,325,0.326,104,220,0.473,0.483,91,118,0.771,23,160,183,138,44,20,94,115,617,"PHI"
"231",26,"Phil Pressey","PG",71,175,"February 17, 1991","us","2","University of Missouri",23,172739,15,24,14,0,170,21,55,0.382,4,13,0.308,17,42,0.405,0.418,9,18,0.5,0,23,23,46,11,1,19,14,55,"PHI"
"232",22,"Richaun Holmes","PF",82,245,"October 15, 1993","us","R","Bowling Green State University",13,1050000,10,22,51,1,702,114,222,0.514,8,44,0.182,106,178,0.596,0.532,51,74,0.689,62,73,135,33,19,40,32,92,287,"PHI"
"233",33,"Robert Covington","SF",81,215,"December 14, 1990","us","2","Tennessee State University",14,1000000,5,25,67,49,1903,274,712,0.385,170,482,0.353,104,230,0.452,0.504,140,177,0.791,65,354,419,97,105,40,143,232,858,"PHI"
"234",9,"Sonny Weems","SF",78,205,"July 8, 1986","us","3","University of Arkansas",9,2800000,18,29,7,0,78,7,21,0.333,2,9,0.222,5,12,0.417,0.381,1,2,0.5,1,11,12,2,0,0,4,7,17,"PHI"
"235",12,"T.J. McConnell","PG",74,200,"March 25, 1992","us","R","University of Arizona",21,525093,8,23,81,17,1606,218,464,0.47,31,89,0.348,187,375,0.499,0.503,26,41,0.634,43,207,250,367,95,10,140,114,493,"PHI"
"236",1,"Tony Wroten","PG",78,205,"April 13, 1993","us","3","University of Washington",10,2179354,17,22,8,3,144,22,65,0.338,3,17,0.176,19,48,0.396,0.362,20,37,0.541,2,19,21,20,3,0,29,11,67,"PHI"
"237",18,"Anderson Varejao","C",82,273,"September 28, 1982","br","11","",16,458575,14,33,22,0,186,21,48,0.438,0,0,NA,21,48,0.438,0.438,16,29,0.552,13,37,50,15,5,5,6,35,58,"GSW"
"238",9,"Andre Iguodala","SF",78,215,"January 28, 1984","us","11","University of Arizona",4,11710456,5,32,65,1,1732,176,368,0.478,54,154,0.351,122,214,0.57,0.552,51,83,0.614,52,211,263,219,73,19,79,102,457,"GSW"
"239",12,"Andrew Bogut","C",84,260,"November 28, 1984","au","10","University of Utah",3,12000000,7,31,70,66,1451,175,279,0.627,1,1,1,174,278,0.626,0.629,24,50,0.48,121,371,492,162,33,114,83,221,375,"GSW"
"240",4,"Brandon Rush","SG",78,220,"July 7, 1985","us","7","University of Kansas",12,1270964,9,30,72,25,1055,111,260,0.427,65,157,0.414,46,103,0.447,0.552,18,28,0.643,21,160,181,57,20,23,33,57,305,"GSW"
"241",23,"Draymond Green","PF",79,230,"March 4, 1990","us","3","Michigan State University",2,14300000,1,25,81,81,2808,401,819,0.49,100,258,0.388,301,561,0.537,0.551,229,329,0.696,134,635,769,598,119,113,259,240,1131,"GSW"
"242",31,"Festus Ezeli","C",83,255,"October 21, 1989","ng","2","Vanderbilt University",11,2008748,11,26,46,13,770,125,228,0.548,0,0,NA,125,228,0.548,0.548,70,132,0.53,91,166,257,32,18,50,38,94,320,"GSW"
"243",40,"Harrison Barnes","SF",80,210,"May 30, 1992","us","3","University of North Carolina",8,3873398,4,23,66,59,2042,295,633,0.466,82,214,0.383,213,419,0.508,0.531,102,134,0.761,77,248,325,117,41,10,57,136,774,"GSW"
"244",21,"Ian Clark","SG",75,175,"March 7, 1991","us","2","Belmont University",14,947276,12,24,66,1,578,89,202,0.441,30,84,0.357,59,118,0.5,0.515,28,34,0.824,13,55,68,64,17,13,43,58,236,"GSW"
"245",20,"James Michael McAdoo","PF",81,230,"January 4, 1993","us","1","University of North Carolina",15,845059,13,23,41,1,262,45,84,0.536,1,2,0.5,44,82,0.537,0.542,26,49,0.531,30,28,58,17,10,8,16,39,117,"GSW"
"247",36,"Kevon Looney","PF",81,220,"February 6, 1996","us","R","University of California, Los Angeles",13,1131960,16,19,5,0,21,4,7,0.571,1,2,0.5,3,5,0.6,0.643,0,0,NA,4,6,10,0,0,0,1,2,9,"GSW"
"248",11,"Klay Thompson","SG",79,215,"February 8, 1990","us","4","Washington State University",1,15500000,3,25,80,80,2666,651,1386,0.47,276,650,0.425,375,736,0.51,0.569,193,221,0.873,35,271,306,166,60,49,138,152,1771,"GSW"
"249",19,"Leandro Barbosa","SG",75,194,"November 28, 1982","br","12","",10,2500000,8,33,68,0,1079,171,370,0.462,39,110,0.355,132,260,0.508,0.515,52,62,0.839,28,89,117,82,44,10,53,107,433,"GSW"
"250",5,"Marreese Speights","C",82,255,"August 4, 1987","us","7","University of Florida",9,3815000,10,28,72,0,832,197,456,0.432,24,62,0.387,173,394,0.439,0.458,94,114,0.825,77,162,239,61,19,34,66,117,512,"GSW"
"251",34,"Shaun Livingston","PG",79,192,"September 11, 1985","us","10","",7,5543725,6,30,78,3,1520,203,379,0.536,2,12,0.167,201,367,0.548,0.538,80,93,0.86,42,127,169,237,57,27,78,140,488,"GSW"
"252",30,"Stephen Curry","PG",75,190,"March 14, 1988","us","6","Davidson College",5,11370786,2,27,79,79,2700,805,1598,0.504,402,886,0.454,403,712,0.566,0.63,363,400,0.908,68,362,430,527,169,15,262,161,2375,"GSW"
"253",24,"Andre Miller","PG",75,200,"March 19, 1976","us","16","University of Utah",17,396844,17,39,13,4,181,23,48,0.479,1,4,0.25,22,44,0.5,0.49,9,13,0.692,6,21,27,29,7,0,12,14,56,"SAS"
"254",40,"Boban Marjanovic","C",87,290,"August 15, 1988","rs","R","",12,1200000,12,27,54,4,508,105,174,0.603,0,0,NA,105,174,0.603,0.603,87,114,0.763,73,121,194,21,12,23,29,54,297,"SAS"
"255",33,"Boris Diaw","PF",80,250,"April 16, 1982","fr","12","",5,7000000,8,33,76,4,1386,202,383,0.527,25,69,0.362,177,314,0.564,0.56,56,76,0.737,58,175,233,176,26,21,97,102,485,"SAS"
"256",14,"Danny Green","SG",78,215,"June 22, 1987","us","6","University of North Carolina",4,10000000,3,28,79,79,2062,211,561,0.376,116,349,0.332,95,212,0.448,0.48,34,46,0.739,48,255,303,141,79,64,75,141,572,"SAS"
"257",30,"David West","PF",81,250,"August 29, 1980","us","12","Xavier University",11,1499000,7,35,78,19,1404,244,448,0.545,3,7,0.429,241,441,0.546,0.548,63,80,0.788,72,237,309,143,44,55,68,142,554,"SAS"
"258",17,"Jonathon Simmons","SG",78,195,"September 14, 1989","us","R","University of Houston",15,525093,11,26,55,2,813,122,242,0.504,18,47,0.383,104,195,0.533,0.541,69,92,0.75,16,80,96,58,24,5,53,103,331,"SAS"
"259",2,"Kawhi Leonard","SF",79,230,"June 29, 1991","us","4","San Diego State University",2,16500000,1,24,72,72,2380,551,1090,0.506,129,291,0.443,422,799,0.528,0.565,292,334,0.874,95,398,493,186,128,71,105,133,1523,"SAS"
"260",23,"Kevin Martin","SG",79,199,"February 1, 1983","us","11","Western Carolina University",18,317475,14,32,16,1,261,30,85,0.353,11,33,0.333,19,52,0.365,0.418,28,30,0.933,4,25,29,12,9,2,13,15,99,"SAS"
"261",1,"Kyle Anderson","SF",81,230,"September 20, 1993","us","1","University of California, Los Angeles",13,1142879,9,22,78,11,1245,138,295,0.468,12,37,0.324,126,258,0.488,0.488,62,83,0.747,25,219,244,123,60,29,59,97,350,"SAS"
"262",12,"LaMarcus Aldridge","PF",83,260,"July 19, 1985","us","9","University of Texas at Austin",1,19500000,2,30,74,74,2261,536,1045,0.513,0,16,0,536,1029,0.521,0.513,259,302,0.858,176,456,632,110,38,81,99,151,1331,"SAS"
"263",20,"Manu Ginobili","SG",78,205,"July 28, 1977","ar","13","",8,2814000,10,38,58,0,1134,197,435,0.453,70,179,0.391,127,256,0.496,0.533,91,112,0.813,26,120,146,177,66,11,99,99,555,"SAS"
"264",15,"Matt Bonner","C",82,235,"April 5, 1980","us","11","University of Florida",9,1499187,16,35,30,2,206,29,57,0.509,15,34,0.441,14,23,0.609,0.64,3,4,0.75,3,24,27,9,6,1,3,16,76,"SAS"
"265",8,"Patrick Mills","PG",72,185,"August 11, 1988","au","6","Saint Mary's College of California",7,3578947,5,27,81,3,1662,260,612,0.425,123,320,0.384,137,292,0.469,0.525,47,58,0.81,27,131,158,226,59,6,76,102,690,"SAS"
"266",18,"Rasual Butler","SF",79,215,"May 23, 1979","us","12","La Salle University",10,1499187,13,36,46,0,432,49,104,0.471,15,49,0.306,34,55,0.618,0.543,11,16,0.688,3,53,56,24,13,23,8,11,124,"SAS"
"267",3,"Ray McCallum","PG",75,190,"June 12, 1991","us","2","University of Detroit Mercy",14,947276,15,24,31,3,256,27,67,0.403,5,16,0.313,22,51,0.431,0.44,9,10,0.9,6,25,31,33,5,4,11,14,68,"SAS"
"268",21,"Tim Duncan","C",83,250,"April 25, 1976","vi","18","Wake Forest University",6,5000000,6,39,61,60,1536,215,441,0.488,0,2,0,215,439,0.49,0.488,92,131,0.702,115,332,447,163,47,78,90,125,522,"SAS"
"269",9,"Tony Parker","PG",74,185,"May 17, 1982","be","14","",3,13437500,4,33,72,72,1980,350,710,0.493,27,65,0.415,323,645,0.501,0.512,130,171,0.76,17,159,176,379,54,11,131,114,857,"SAS"
"270",21,"Andre Roberson","SG",79,210,"December 4, 1991","us","2","University of Colorado",13,1210800,7,24,70,70,1553,136,274,0.496,32,103,0.311,104,171,0.608,0.555,33,54,0.611,79,172,251,47,53,42,35,133,337,"OKC"
"271",2,"Anthony Morrow","SG",77,210,"September 27, 1985","us","7","Georgia Institute of Technology",8,3344000,9,30,68,6,926,136,333,0.408,79,204,0.387,57,129,0.442,0.527,29,39,0.744,10,52,62,24,22,5,17,64,380,"OKC"
"272",22,"Cameron Payne","PG",75,185,"August 8, 1994","us","R","Murray State University",11,2021520,11,21,57,1,698,114,278,0.41,36,111,0.324,78,167,0.467,0.475,19,24,0.792,9,76,85,108,36,6,44,80,283,"OKC"
"273",3,"Dion Waiters","SG",76,225,"December 10, 1991","us","3","Syracuse University",5,5138430,4,24,78,15,2152,282,706,0.399,86,240,0.358,196,466,0.421,0.46,112,157,0.713,36,166,202,154,81,15,120,143,762,"OKC"
"274",11,"Enes Kanter","C",83,245,"May 20, 1992","ch","4","",3,16400000,6,23,82,1,1721,414,719,0.576,10,21,0.476,404,698,0.579,0.583,200,251,0.797,249,415,664,33,26,33,115,166,1038,"OKC"
"275",34,"Josh Huestis","PF",79,230,"December 19, 1991","us","R","Stanford University",14,1140240,15,24,5,0,55,5,12,0.417,4,6,0.667,1,6,0.167,0.583,0,4,0,2,8,10,0,1,2,3,3,14,"OKC"
"276",35,"Kevin Durant","SF",81,240,"September 29, 1988","us","8","University of Texas at Austin",1,20158622,2,27,72,72,2578,698,1381,0.505,186,481,0.387,512,900,0.569,0.573,447,498,0.898,45,544,589,361,69,85,250,137,2029,"OKC"
"277",5,"Kyle Singler","SF",80,228,"May 4, 1988","us","3","Duke University",6,5000000,8,27,68,2,977,86,221,0.389,30,97,0.309,56,124,0.452,0.457,29,44,0.659,50,91,141,24,30,9,32,120,231,"OKC"
"278",33,"Mitch McGary","PF",82,255,"June 6, 1992","us","1","University of Michigan",12,1463040,14,23,20,0,72,11,23,0.478,0,4,0,11,19,0.579,0.478,4,10,0.4,4,14,18,3,1,2,7,10,26,"OKC"
"279",13,"Nazr Mohammed","C",82,221,"September 5, 1977","us","17","University of Kentucky",15,352750,17,38,5,0,19,3,5,0.6,0,0,NA,3,5,0.6,0.6,2,2,1,1,3,4,0,0,0,3,4,8,"OKC"
"280",4,"Nick Collison","PF",82,255,"October 26, 1980","us","11","University of Kansas",7,3750000,10,35,59,4,699,50,109,0.459,0,2,0,50,107,0.467,0.459,23,33,0.697,68,103,171,52,15,16,50,107,123,"OKC"
"281",6,"Randy Foye","SG",76,213,"September 24, 1983","us","9","Villanova University",9,3270000,12,32,27,1,572,52,149,0.349,25,81,0.309,27,68,0.397,0.433,22,27,0.815,8,43,51,49,13,13,28,48,151,"OKC"
"282",0,"Russell Westbrook","PG",75,200,"November 12, 1988","us","7","University of California, Los Angeles",2,16744218,1,27,80,80,2750,656,1444,0.454,101,341,0.296,555,1103,0.503,0.489,465,573,0.812,145,481,626,834,163,20,342,200,1878,"OKC"
"283",9,"Serge Ibaka","PF",82,235,"September 18, 1989","cg","6","",4,12350000,3,26,78,78,2500,416,869,0.479,60,184,0.326,356,685,0.52,0.513,91,121,0.752,141,392,533,66,38,148,108,211,983,"OKC"
"284",12,"Steven Adams","C",84,255,"July 20, 1993","nz","2","University of Pittsburgh",10,2279040,5,22,80,80,2014,261,426,0.613,0,0,NA,261,426,0.613,0.613,114,196,0.582,219,314,533,62,42,89,84,223,636,"OKC"
"285",35,"Alex Stepheson","PF",82,270,"August 7, 1987","us","R","University of Southern California",18,61776,18,28,4,0,12,1,1,1,0,0,NA,1,1,1,1,0,2,0,1,1,2,0,0,2,0,4,2,"LAC"
"286",25,"Austin Rivers","SG",76,200,"August 1, 1992","us","3","Duke University",8,3100000,6,23,67,7,1464,226,516,0.438,62,185,0.335,164,331,0.495,0.498,79,116,0.681,22,108,130,99,48,9,61,137,593,"LAC"
"287",32,"Blake Griffin","PF",82,251,"March 16, 1989","us","5","University of Oklahoma",3,18907725,9,26,35,35,1170,301,603,0.499,6,18,0.333,295,585,0.504,0.504,141,194,0.727,51,243,294,170,28,17,83,95,749,"LAC"
"288",22,"Branden Dawson","PF",78,225,"February 1, 1993","us","R","Michigan State University",15,525093,17,22,6,0,29,2,5,0.4,0,0,NA,2,5,0.4,0.4,1,1,1,2,2,4,0,0,1,0,2,5,"LAC"
"289",30,"C.J. Wilcox","SG",77,195,"December 30, 1990","us","1","University of Washington",10,1159680,15,25,23,0,167,26,66,0.394,9,23,0.391,17,43,0.395,0.462,9,12,0.75,1,11,12,10,10,2,2,15,70,"LAC"
"290",3,"Chris Paul","PG",72,175,"May 6, 1985","us","10","Wake Forest University",1,21468696,2,30,74,74,2420,515,1114,0.462,122,329,0.371,393,785,0.501,0.517,294,328,0.896,39,271,310,738,152,13,194,185,1446,"LAC"
"291",45,"Cole Aldrich","C",83,250,"October 31, 1988","us","5","University of Kansas",12,1100600,11,27,60,5,800,134,225,0.596,0,0,NA,134,225,0.596,0.596,60,84,0.714,86,202,288,50,47,68,64,139,328,"LAC"
"292",6,"DeAndre Jordan","C",83,265,"July 21, 1988","us","7","Texas A&M University",2,19500000,1,27,77,77,2598,357,508,0.703,0,1,0,357,507,0.704,0.703,266,619,0.43,267,792,1059,90,51,177,107,207,980,"LAC"
"293",4,"J.J. Redick","SG",76,190,"June 24, 1984","us","9","Duke University",5,6867000,4,31,75,75,2097,422,880,0.48,200,421,0.475,222,459,0.484,0.593,182,205,0.888,10,129,139,106,42,5,78,135,1226,"LAC"
"294",11,"Jamal Crawford","SG",77,200,"March 20, 1980","us","15","University of Michigan",6,5675000,3,35,79,5,2126,379,939,0.404,117,344,0.34,262,595,0.44,0.466,245,271,0.904,20,125,145,183,52,12,113,122,1120,"LAC"
"295",19,"Jeff Ayres","C",81,240,"April 29, 1987","us","5","Arizona State University",16,317232,16,28,17,0,107,12,23,0.522,0,1,0,12,22,0.545,0.522,6,6,1,4,18,22,5,0,3,6,18,30,"LAC"
"296",8,"Jeff Green","SF",81,235,"August 28, 1986","us","7","Georgetown University",4,9200000,12,29,27,10,709,114,267,0.427,25,77,0.325,89,190,0.468,0.474,40,65,0.615,19,72,91,40,18,21,24,62,293,"LAC"
"297",12,"Luc Mbah a Moute","PF",80,230,"September 9, 1986","cm","7","University of California, Los Angeles",9,1270964,7,29,75,61,1274,94,207,0.454,13,40,0.325,81,167,0.485,0.486,30,57,0.526,60,111,171,30,44,19,34,100,231,"LAC"
"298",9,"Pablo Prigioni","PG",75,185,"May 17, 1977","ar","3","",13,981348,10,38,59,3,823,55,147,0.374,28,95,0.295,27,52,0.519,0.469,7,8,0.875,38,76,114,130,53,1,49,82,145,"LAC"
"299",34,"Paul Pierce","SF",79,235,"October 13, 1977","us","17","University of Kansas",7,3400000,8,38,68,38,1231,144,397,0.363,75,242,0.31,69,155,0.445,0.457,54,66,0.818,12,174,186,71,33,17,58,129,417,"LAC"
"300",33,"Wesley Johnson","SF",79,215,"July 11, 1987","us","5","Syracuse University",11,1100600,5,28,80,9,1666,208,515,0.404,103,309,0.333,105,206,0.51,0.504,30,46,0.652,37,211,248,49,89,56,54,173,549,"LAC"
"301",8,"Al-Farouq Aminu","SF",81,220,"September 21, 1990","us","5","Wake Forest University",2,7500000,3,25,82,82,2341,299,719,0.416,126,349,0.361,173,370,0.468,0.503,115,156,0.737,98,401,499,138,72,53,120,171,839,"POR"
"302",23,"Allen Crabbe","SG",78,210,"April 9, 1992","us","2","University of California",14,947276,4,23,81,8,2105,311,678,0.459,112,285,0.393,199,393,0.506,0.541,98,113,0.867,27,189,216,99,63,16,64,192,832,"POR"
"303",2,"Brian Roberts","PG",73,173,"December 3, 1985","us","3","University of Dayton",9,2854940,13,30,21,0,137,23,50,0.46,6,15,0.4,17,35,0.486,0.52,8,10,0.8,2,10,12,16,3,1,7,12,60,"POR"
"304",3,"C.J. McCollum","SG",76,200,"September 19, 1991","us","2","Lehigh University",12,2525160,1,24,80,80,2780,641,1431,0.448,197,472,0.417,444,959,0.463,0.517,187,226,0.827,47,212,259,341,97,23,196,187,1666,"POR"
"305",35,"Chris Kaman","C",84,265,"April 28, 1982","us","12","Central Michigan University",5,5000000,14,33,16,2,112,20,43,0.465,1,4,0.25,19,39,0.487,0.477,3,3,1,7,17,24,11,1,1,8,15,44,"POR"
"306",34,"Cliff Alexander","PF",80,245,"November 16, 1995","us","R","University of Kansas",18,525093,16,20,8,0,36,5,10,0.5,0,0,NA,5,10,0.5,0.5,0,0,NA,2,4,6,0,1,2,1,1,10,"POR"
"307",0,"Damian Lillard","PG",75,195,"July 15, 1990","us","3","Weber State University",6,4236287,2,25,75,75,2676,618,1474,0.419,229,610,0.375,389,864,0.45,0.497,414,464,0.892,45,257,302,512,65,28,242,165,1879,"POR"
"308",17,"Ed Davis","PF",82,240,"June 5, 1989","us","5","University of North Carolina",3,7000000,6,26,81,0,1684,206,337,0.611,0,0,NA,206,337,0.611,0.611,114,204,0.559,224,375,599,88,57,72,64,202,526,"POR"
"309",9,"Gerald Henderson","SG",77,215,"December 9, 1987","us","6","Duke University",4,6000000,8,28,72,0,1431,232,529,0.439,48,136,0.353,184,393,0.468,0.484,112,146,0.767,30,181,211,75,39,19,68,87,624,"POR"
"310",44,"Luis Montero","SG",79,185,"April 6, 1993","do","R","Westchester CC",16,525093,15,22,12,0,42,5,19,0.263,1,9,0.111,4,10,0.4,0.289,3,4,0.75,0,4,4,1,0,0,4,1,14,"POR"
"311",24,"Mason Plumlee","C",83,245,"March 5, 1990","us","2","Duke University",13,1415520,5,25,82,82,2084,267,517,0.516,0,4,0,267,513,0.52,0.516,215,335,0.642,201,427,628,226,68,85,154,253,749,"POR"
"312",4,"Maurice Harkless","SF",81,215,"May 11, 1993","us","3","St. John's University",8,2894059,7,22,78,14,1457,195,411,0.474,39,140,0.279,156,271,0.576,0.522,69,111,0.622,101,179,280,67,49,35,62,124,498,"POR"
"313",11,"Meyers Leonard","PF",85,245,"February 27, 1992","us","3","University of Illinois at Urbana-Champaign",7,3075880,9,23,61,10,1333,195,435,0.448,86,228,0.377,109,207,0.527,0.547,35,46,0.761,51,263,314,92,8,18,77,183,511,"POR"
"314",21,"Noah Vonleh","PF",82,240,"August 24, 1995","us","1","Indiana University",11,2637720,10,20,78,56,1174,117,278,0.421,11,46,0.239,106,232,0.457,0.441,38,51,0.745,91,214,305,30,27,26,50,152,283,"POR"
"315",5,"Pat Connaughton","SG",77,206,"January 6, 1993","us","R","University of Notre Dame",17,525093,12,23,34,0,143,13,49,0.265,5,21,0.238,8,28,0.286,0.316,5,5,1,11,21,32,10,2,0,10,6,36,"POR"
"316",10,"Tim Frazier","PG",73,170,"November 1, 1990","us","1","Pennsylvania State University",15,845059,11,25,35,1,272,20,60,0.333,3,17,0.176,17,43,0.395,0.358,8,15,0.533,11,28,39,42,10,1,27,31,51,"POR"
"317",25,"Chandler Parsons","SF",82,230,"October 25, 1988","us","4","University of Florida",2,15361500,6,27,61,51,1799,320,651,0.492,104,251,0.414,216,400,0.54,0.571,93,136,0.684,29,256,285,169,46,21,95,114,837,"DAL"
"318",3,"Charlie Villanueva","PF",83,232,"August 24, 1984","us","10","University of Connecticut",10,1499187,10,31,62,4,665,125,327,0.382,47,172,0.273,78,155,0.503,0.454,22,24,0.917,24,128,152,24,18,15,31,71,319,"DAL"
"320",8,"Deron Williams","PG",75,200,"June 26, 1984","us","10","University of Illinois at Urbana-Champaign",4,5500000,4,31,65,63,2106,321,775,0.414,97,282,0.344,224,493,0.454,0.477,179,206,0.869,19,171,190,378,61,14,150,155,918,"DAL"
"321",34,"Devin Harris","PG",75,192,"February 27, 1983","us","11","University of Wisconsin",6,4053000,8,32,64,0,1280,167,374,0.447,52,158,0.329,115,216,0.532,0.516,101,140,0.721,18,120,138,118,60,13,66,124,487,"DAL"
"322",41,"Dirk Nowitzki","PF",84,245,"June 19, 1978","de","17","",3,8333334,2,37,75,75,2364,498,1112,0.448,126,342,0.368,372,770,0.483,0.504,250,280,0.893,52,437,489,132,52,52,84,161,1372,"DAL"
"323",7,"Dwight Powell","PF",83,240,"July 20, 1991","ca","1","Stanford University",15,845059,9,24,69,2,992,146,296,0.493,2,16,0.125,144,280,0.514,0.497,105,142,0.739,84,189,273,44,36,24,40,118,399,"DAL"
"324",5,"J.J. Barea","PG",72,185,"June 26, 1984","pr","9","Northeastern University",7,4000000,7,31,74,16,1667,317,711,0.446,100,260,0.385,217,451,0.481,0.516,74,96,0.771,26,126,152,302,26,2,113,110,808,"DAL"
"325",11,"JaVale McGee","C",84,270,"January 19, 1988","us","7","University of Nevada, Reno",13,1270964,14,28,34,2,370,77,134,0.575,0,1,0,77,133,0.579,0.575,18,36,0.5,53,80,133,3,5,26,21,49,172,"DAL"
"326",21,"Jeremy Evans","SF",81,200,"October 24, 1987","us","5","Western Kentucky University",14,1100602,15,28,30,2,251,26,48,0.542,4,16,0.25,22,32,0.688,0.583,15,21,0.714,11,43,54,2,6,9,7,19,71,"DAL"
"327",1,"Justin Anderson","SF",78,228,"November 19, 1993","us","R","University of Virginia",12,1449000,11,22,55,9,647,71,175,0.406,22,83,0.265,49,92,0.533,0.469,44,55,0.8,18,114,132,29,19,25,24,45,208,"DAL"
"328",2,"Raymond Felton","PG",73,205,"June 26, 1984","us","10","University of North Carolina",8,3950313,3,31,80,31,2192,277,682,0.406,60,213,0.282,217,469,0.463,0.45,149,176,0.847,36,222,258,284,68,15,121,141,763,"DAL"
"329",50,"Salah Mejri","C",85,245,"June 15, 1986","tn","R","",17,525093,13,29,34,6,397,49,78,0.628,0,1,0,49,77,0.636,0.628,27,46,0.587,41,82,123,10,8,36,23,54,125,"DAL"
"330",23,"Wesley Matthews","SG",77,220,"October 14, 1986","us","6","Marquette University",1,16400000,1,29,78,78,2644,331,854,0.388,189,525,0.36,142,329,0.432,0.498,126,146,0.863,27,211,238,151,78,17,78,179,977,"DAL"
"331",27,"Zaza Pachulia","C",83,270,"February 10, 1984","ge","12","",5,5200000,5,31,76,69,2004,219,470,0.466,0,3,0,219,467,0.469,0.466,212,276,0.768,249,469,718,128,64,22,119,181,650,"DAL"
"333",34,"Brandan Wright","PF",82,210,"October 5, 1987","us","7","University of North Carolina",5,5500000,19,28,12,2,212,35,52,0.673,0,0,NA,35,52,0.673,0.673,13,24,0.542,14,29,43,6,5,15,10,21,83,"MEM"
"335",8,"Bryce Cotton","PG",73,165,"August 11, 1992","us","1","Providence College",21,64622,27,23,5,0,6,2,2,1,0,0,NA,2,2,1,1,0,0,NA,0,0,0,0,0,0,0,0,4,"MEM"
"336",7,"Chris Andersen","C",82,245,"July 7, 1978","us","13","Blinn College",7,5000000,15,37,20,14,366,34,62,0.548,2,9,0.222,32,53,0.604,0.565,22,32,0.688,33,56,89,9,14,10,7,25,92,"MEM"
"337",25,"Elliot Williams","PG",77,190,"June 20, 1989","us","3","University of Memphis",22,55722,24,26,5,0,45,2,10,0.2,1,4,0.25,1,6,0.167,0.25,3,4,0.75,1,3,4,4,0,0,1,2,8,"MEM"
"338",8,"James Ennis","SF",79,210,"July 1, 1990","us","1","California State University, Long Beach",14,845059,25,25,10,0,40,4,13,0.308,2,8,0.25,2,5,0.4,0.385,6,10,0.6,4,3,7,2,4,2,2,1,16,"MEM"
"339",0,"JaMychal Green","PF",81,227,"June 21, 1990","us","1","University of Alabama",15,845059,8,25,78,15,1446,230,495,0.465,15,45,0.333,215,450,0.478,0.48,103,137,0.752,139,234,373,67,46,33,83,189,578,"MEM"
"340",10,"Jarell Martin","PF",82,239,"May 24, 1994","us","R","Louisiana State University",12,1230840,13,21,27,0,380,54,116,0.466,0,2,0,54,114,0.474,0.466,45,62,0.726,39,47,86,15,8,7,19,58,153,"MEM"
"341",3,"Jordan Adams","SG",77,209,"July 8, 1994","us","1","University of California, Los Angeles",11,1404600,26,21,2,0,15,2,6,0.333,0,1,0,2,5,0.4,0.333,3,5,0.6,0,2,2,3,3,0,2,2,7,"MEM"
"342",4,"Jordan Farmar","PG",74,180,"November 30, 1986","us","8","University of California, Los Angeles",18,191456,16,29,12,10,291,42,100,0.42,16,45,0.356,26,55,0.473,0.5,10,10,1,4,21,25,37,15,2,18,22,110,"MEM"
"343",1,"Lance Stephenson","SF",77,230,"September 5, 1990","us","5","University of Cincinnati",4,9000000,11,25,26,3,692,146,308,0.474,11,31,0.355,135,277,0.487,0.492,66,81,0.815,21,94,115,73,19,6,46,56,369,"MEM"
"344",33,"Marc Gasol","C",85,255,"January 29, 1985","es","7","",1,19700000,3,31,52,52,1791,328,707,0.464,2,3,0.667,326,704,0.463,0.465,203,245,0.829,58,304,362,196,50,70,118,141,861,"MEM"
"345",6,"Mario Chalmers","PG",74,190,"May 19, 1986","us","7","University of Kansas",8,4300000,9,29,55,7,1253,172,412,0.417,45,138,0.326,127,274,0.464,0.472,206,249,0.827,23,120,143,211,80,12,101,165,595,"MEM"
"346",22,"Matt Barnes","SF",79,226,"March 9, 1980","us","12","University of California, Los Angeles",10,3542500,1,35,76,45,2190,264,693,0.381,119,370,0.322,145,323,0.449,0.467,111,138,0.804,84,336,420,163,78,57,121,234,758,"MEM"
"347",11,"Mike Conley","PG",73,175,"October 11, 1987","us","8","Ohio State University",3,9588426,4,28,56,56,1761,294,696,0.422,78,215,0.363,216,481,0.449,0.478,191,229,0.834,26,138,164,342,67,16,84,100,857,"MEM"
"348",19,"P.J. Hairston","SF",78,230,"December 24, 1992","us","1","University of North Carolina",13,1201440,14,23,18,9,375,46,132,0.348,16,69,0.232,30,63,0.476,0.409,16,22,0.727,7,39,46,9,8,4,17,31,124,"MEM"
"350",2,"Russ Smith","PG",72,165,"April 19, 1991","us","1","University of Louisville",16,816482,22,24,15,0,66,7,22,0.318,1,5,0.2,6,17,0.353,0.341,8,13,0.615,1,8,9,11,5,1,7,5,23,"MEM"
"352",9,"Tony Allen","SG",76,213,"January 11, 1982","us","11","Oklahoma State University",6,5168539,5,34,64,57,1620,215,469,0.458,15,42,0.357,200,427,0.468,0.474,90,138,0.652,104,192,296,70,110,18,78,175,535,"MEM"
"353",15,"Vince Carter","SG",78,220,"January 26, 1977","us","17","University of North Carolina",9,4088091,10,39,60,3,1005,133,343,0.388,59,169,0.349,74,174,0.425,0.474,70,84,0.833,31,115,146,56,38,16,35,101,395,"MEM"
"354",14,"Xavier Munford","SG",74,180,"June 1, 1992","us","R","University of Rhode Island",20,89588,17,23,14,0,244,32,77,0.416,9,23,0.391,23,54,0.426,0.474,7,14,0.5,3,28,31,22,13,3,15,25,80,"MEM"
"355",50,"Zach Randolph","PF",81,260,"July 16, 1981","us","14","Michigan State University",2,9638555,2,34,68,53,2016,431,907,0.475,6,26,0.231,425,881,0.482,0.479,172,216,0.796,179,350,529,142,43,13,105,146,1040,"MEM"
"356",0,"Andrew Goudelock","PG",75,200,"December 7, 1988","us","2","College of Charleston",17,200600,16,27,8,0,50,9,20,0.45,1,9,0.111,8,11,0.727,0.475,3,4,0.75,1,1,2,4,6,2,7,4,22,"HOU"
"357",44,"Chuck Hayes","C",78,240,"June 11, 1983","us","10","University of Kentucky",18,83583,17,32,2,0,24,1,2,0.5,0,0,NA,1,2,0.5,0.5,2,2,1,0,8,8,2,0,0,3,6,4,"HOU"
"358",15,"Clint Capela","C",82,240,"May 18, 1994","ch","1","",13,1242720,6,21,77,35,1471,231,397,0.582,0,1,0,231,396,0.583,0.582,80,211,0.379,194,300,494,47,59,92,60,190,542,"HOU"
"359",33,"Corey Brewer","SF",81,186,"March 5, 1986","us","8","University of Florida",4,8200000,5,29,82,12,1669,212,552,0.384,61,224,0.272,151,328,0.46,0.439,105,140,0.75,42,157,199,109,84,19,78,168,590,"HOU"
"360",20,"Donatas Motiejunas","PF",84,222,"September 20, 1990","lt","3","",9,2288205,11,25,37,22,547,90,205,0.439,16,57,0.281,74,148,0.5,0.478,34,53,0.642,37,72,109,41,17,5,44,69,230,"HOU"
"361",12,"Dwight Howard","C",83,265,"December 8, 1985","us","11","",1,22359364,3,30,71,71,2280,372,600,0.62,0,6,0,372,594,0.626,0.62,232,474,0.489,238,597,835,98,69,113,166,219,976,"HOU"
"362",13,"James Harden","SG",77,220,"August 26, 1989","us","6","Arizona State University",2,15756438,1,26,82,82,3125,710,1617,0.439,236,657,0.359,474,960,0.494,0.512,720,837,0.86,63,438,501,612,139,51,374,229,2376,"HOU"
"363",31,"Jason Terry","SG",74,185,"September 15, 1977","us","16","University of Arizona",11,1499187,7,38,72,7,1258,151,376,0.402,93,261,0.356,58,115,0.504,0.525,27,33,0.818,14,65,79,103,47,9,49,91,422,"HOU"
"364",5,"Josh Smith","PF",81,225,"December 5, 1985","us","11","",12,1499000,12,30,23,6,421,58,169,0.343,23,85,0.271,35,84,0.417,0.411,12,25,0.48,18,49,67,48,16,13,36,56,151,"HOU"
"365",32,"K.J. McDaniels","SF",78,205,"February 9, 1993","us","1","Clemson University",7,3333333,15,22,37,1,235,29,72,0.403,7,25,0.28,22,47,0.468,0.451,24,30,0.8,16,26,42,10,7,6,17,30,89,"HOU"
"367",8,"Michael Beasley","SF",81,235,"January 9, 1989","us","7","Kansas State University",16,306527,14,27,20,0,363,107,205,0.522,3,9,0.333,104,196,0.531,0.529,38,49,0.776,29,69,98,16,11,9,24,39,255,"HOU"
"368",35,"Montrezl Harrell","PF",80,240,"January 26, 1994","us","R","University of Louisville",15,1000000,13,22,39,1,379,58,90,0.644,0,1,0,58,89,0.652,0.644,24,46,0.522,25,40,65,17,11,11,17,48,140,"HOU"
"369",2,"Patrick Beverley","PG",73,185,"July 12, 1988","us","3","University of Arkansas",6,6500000,4,27,71,63,2041,258,594,0.434,124,310,0.4,134,284,0.472,0.539,60,88,0.682,73,177,250,239,94,26,91,234,700,"HOU"
"370",7,"Sam Dekker","SF",81,230,"May 6, 1994","us","R","University of Wisconsin",10,1646400,18,21,3,0,6,0,0,NA,0,0,NA,0,0,NA,NA,0,0,NA,0,1,1,0,1,0,0,0,0,"HOU"
"371",6,"Terrence Jones","PF",81,252,"January 9, 1992","us","3","University of Kentucky",8,2489530,9,24,50,11,1044,166,367,0.452,25,79,0.316,141,288,0.49,0.486,77,116,0.664,62,149,211,41,23,39,49,86,434,"HOU"
"372",1,"Trevor Ariza","SF",80,215,"June 30, 1985","us","11","University of California, Los Angeles",5,8193030,2,30,81,81,2859,357,859,0.416,185,499,0.371,172,360,0.478,0.523,126,161,0.783,67,299,366,188,160,26,113,177,1025,"HOU"
"374",10,"Alec Burks","SG",78,214,"July 20, 1991","us","4","University of Colorado",3,9213484,12,24,31,3,797,137,334,0.41,32,79,0.405,105,255,0.412,0.458,106,141,0.752,16,93,109,63,18,4,51,71,412,"UTA"
"375",23,"Chris Johnson","SF",78,206,"April 29, 1990","us","3","University of Dayton",14,981348,11,25,70,2,857,72,194,0.371,27,99,0.273,45,95,0.474,0.441,34,42,0.81,27,105,132,45,32,20,40,100,205,"UTA"
"376",15,"Derrick Favors","PF",82,265,"July 15, 1991","us","5","Georgia Institute of Technology",2,11933333,3,24,62,59,1983,418,811,0.515,0,4,0,418,807,0.518,0.515,180,254,0.709,169,334,503,94,74,91,104,150,1016,"UTA"
"377",13,"Elijah Millsap","SG",78,225,"August 12, 1987","us","1","University of Alabama at Birmingham",17,362878,14,28,20,0,173,11,39,0.282,1,12,0.083,10,27,0.37,0.295,13,18,0.722,6,29,35,19,7,3,9,33,36,"UTA"
"378",18,"Erick Green","PG",76,185,"May 9, 1991","us","1","Virginia Polytechnic Institute and State University",19,99418,16,24,6,0,35,5,12,0.417,1,4,0.25,4,8,0.5,0.458,2,2,1,3,2,5,2,1,0,0,4,13,"UTA"
"379",20,"Gordon Hayward","SF",80,226,"March 23, 1990","us","5","Butler University",1,15409570,1,25,80,80,2893,521,1202,0.433,143,410,0.349,378,792,0.477,0.493,393,477,0.824,61,336,397,296,95,27,202,183,1578,"UTA"
"380",22,"J.J. O'Brien","SF",79,228,"April 8, 1992","us","R","San Diego State University",18,105888,17,23,2,0,6,0,1,0,0,0,NA,0,1,0,0,0,0,NA,0,1,1,0,1,0,0,1,0,"UTA"
"381",24,"Jeff Withey","C",84,231,"March 7, 1990","us","2","University of Kansas",15,947276,13,25,51,10,658,87,162,0.537,0,2,0,87,160,0.544,0.537,43,59,0.729,56,117,173,20,21,53,28,75,217,"UTA"
"382",2,"Joe Ingles","SF",80,226,"October 2, 1987","au","1","",9,2250000,9,28,81,2,1241,124,291,0.426,81,210,0.386,43,81,0.531,0.565,13,18,0.722,19,132,151,96,55,4,65,98,342,"UTA"
"383",25,"Raul Neto","PG",73,179,"May 19, 1992","br","R","",13,1000000,6,23,81,53,1499,180,418,0.431,64,162,0.395,116,256,0.453,0.507,52,70,0.743,17,103,120,174,62,2,109,122,476,"UTA"
"384",5,"Rodney Hood","SG",80,206,"October 20, 1992","us","1","Duke University",11,1348440,2,23,79,79,2541,408,972,0.42,161,449,0.359,247,523,0.472,0.503,172,200,0.86,38,229,267,213,73,16,125,202,1149,"UTA"
"385",27,"Rudy Gobert","C",85,245,"June 26, 1992","fr","2","",12,1175880,4,23,61,60,1932,198,354,0.559,0,0,NA,198,354,0.559,0.559,161,283,0.569,208,460,668,91,45,135,114,163,557,"UTA"
"386",8,"Shelvin Mack","PG",75,203,"April 22, 1990","us","4","Butler University",8,2433333,10,25,28,27,879,142,320,0.444,35,98,0.357,107,222,0.482,0.498,36,49,0.735,11,95,106,149,26,3,81,65,355,"UTA"
"387",21,"Tibor Pleiss","C",87,256,"November 2, 1989","de","R","",6,3000000,15,26,12,0,82,11,25,0.44,0,2,0,11,23,0.478,0.44,2,2,1,6,9,15,2,1,2,8,19,24,"UTA"
"388",33,"Trevor Booker","PF",80,228,"November 25, 1987","us","5","Clemson University",4,4775000,5,28,79,2,1632,190,388,0.49,12,41,0.293,178,347,0.513,0.505,71,106,0.67,166,286,452,84,59,41,81,169,463,"UTA"
"389",3,"Trey Burke","PG",73,191,"November 12, 1992","us","2","University of Michigan",7,2658240,8,23,64,0,1366,262,634,0.413,88,256,0.344,174,378,0.46,0.483,67,82,0.817,18,94,112,148,35,6,80,86,679,"UTA"
"390",41,"Trey Lyles","PF",82,234,"November 5, 1995","ca","R","University of Kentucky",10,2239800,7,20,80,33,1382,191,436,0.438,49,128,0.383,142,308,0.461,0.494,57,82,0.695,59,240,299,59,26,18,65,114,488,"UTA"
"391",23,"Ben McLemore","SG",77,195,"February 11, 1993","us","2","University of Kansas",8,3156600,8,22,68,53,1443,195,455,0.429,67,185,0.362,128,270,0.474,0.502,74,103,0.718,34,114,148,79,52,10,99,140,531,"SAC"
"392",31,"Caron Butler","SF",79,228,"March 13, 1980","us","13","University of Connecticut",10,1499187,13,35,17,1,176,25,59,0.424,3,18,0.167,22,41,0.537,0.449,10,12,0.833,5,17,22,10,9,1,3,19,63,"SAC"
"393",7,"Darren Collison","PG",72,175,"August 23, 1987","us","6","University of California, Los Angeles",6,5013559,4,28,74,15,2219,377,776,0.486,87,217,0.401,290,559,0.519,0.542,194,226,0.858,28,141,169,318,76,4,130,142,1035,"SAC"
"394",15,"DeMarcus Cousins","C",83,270,"August 13, 1990","us","5","University of Kentucky",1,14728844,3,25,65,65,2246,601,1332,0.451,70,210,0.333,531,1122,0.473,0.477,476,663,0.718,158,589,747,214,101,92,249,236,1748,"SAC"
"395",26,"Duje Dukan","SF",81,220,"December 4, 1991","hr","R","University of Wisconsin",16,525093,15,24,1,0,24,2,10,0.2,2,5,0.4,0,5,0,0.3,0,0,NA,2,2,4,1,1,0,0,2,6,"SAC"
"396",25,"Eric Moreland","PF",82,238,"December 24, 1991","us","1","Oregon State University",15,845059,14,24,8,0,48,3,6,0.5,0,0,NA,3,6,0.5,0.5,2,4,0.5,3,8,11,1,0,4,3,4,8,"SAC"
"397",5,"James Anderson","SG",78,213,"March 25, 1989","us","4","Oklahoma State University",11,1015421,11,26,51,15,721,67,178,0.376,23,86,0.267,44,92,0.478,0.441,22,29,0.759,13,73,86,41,21,14,42,54,179,"SAC"
"398",41,"Kosta Koufos","C",84,265,"February 24, 1989","us","7","Ohio State University",4,7500000,7,26,78,14,1482,236,444,0.532,0,0,NA,236,444,0.532,0.532,57,104,0.548,169,254,423,33,40,70,48,185,529,"SAC"
"399",3,"Marco Belinelli","SG",77,210,"March 25, 1986","it","8","",5,6333333,6,29,68,7,1672,245,635,0.386,91,297,0.306,154,338,0.456,0.457,115,138,0.833,10,107,117,127,37,2,80,91,696,"SAC"
"400",18,"Omri Casspi","SF",81,225,"June 22, 1988","il","6","",9,3000000,5,27,69,21,1880,299,622,0.481,112,274,0.409,187,348,0.537,0.571,103,159,0.648,58,352,410,95,56,17,94,154,813,"SAC"
"401",13,"Quincy Acy","PF",79,240,"October 6, 1990","us","3","Baylor University",12,981348,10,25,59,29,876,119,214,0.556,19,49,0.388,100,165,0.606,0.6,50,68,0.735,65,123,188,27,29,24,27,103,307,"SAC"
"402",9,"Rajon Rondo","PG",73,186,"February 22, 1986","us","9","University of Kentucky",3,9500000,1,29,72,72,2537,355,782,0.454,62,170,0.365,293,612,0.479,0.494,87,150,0.58,77,358,435,839,141,10,278,175,859,"SAC"
"403",8,"Rudy Gay","SF",80,230,"August 17, 1986","us","9","University of Connecticut",2,12403101,2,29,70,70,2379,466,1007,0.463,74,215,0.344,392,792,0.495,0.5,198,254,0.78,103,353,456,120,100,51,139,184,1204,"SAC"
"404",30,"Seth Curry","PG",74,185,"August 23, 1990","us","2","Duke University",13,947276,12,25,44,9,692,102,224,0.455,50,111,0.45,52,113,0.46,0.567,45,54,0.833,9,51,60,67,22,3,36,41,299,"SAC"
"405",0,"Willie Cauley-Stein","C",84,240,"August 18, 1993","us","R","University of Kentucky",7,3398280,9,22,66,39,1412,191,339,0.563,0,2,0,191,337,0.567,0.563,81,125,0.648,134,218,352,37,48,66,46,146,463,"SAC"
"406",6,"Axel Toupane","SF",79,197,"July 23, 1992","fr","R","",20,123552,16,23,21,0,305,25,70,0.357,13,40,0.325,12,30,0.4,0.45,13,17,0.765,8,23,31,15,7,6,6,40,76,"DEN"
"407",12,"D.J. Augustin","PG",72,183,"November 10, 1987","us","7","University of Texas at Austin",9,3000000,11,28,28,0,659,102,229,0.445,44,107,0.411,58,122,0.475,0.541,77,94,0.819,3,49,52,132,25,2,54,44,325,"DEN"
"408",8,"Danilo Gallinari","SF",82,225,"August 8, 1988","it","6","",1,14000000,4,27,53,53,1839,287,700,0.41,87,239,0.364,200,461,0.434,0.472,375,432,0.868,52,229,281,135,42,19,77,87,1036,"DEN"
"409",0,"Darrell Arthur","PF",81,235,"March 25, 1988","us","6","University of Kansas",10,2814000,7,27,70,16,1516,221,489,0.452,45,117,0.385,176,372,0.473,0.498,40,53,0.755,86,207,293,96,53,48,66,185,527,"DEN"
"410",0,"Emmanuel Mudiay","PG",77,200,"March 5, 1996","cd","R","",8,3102240,3,19,68,66,2068,329,905,0.364,74,232,0.319,255,673,0.379,0.404,140,209,0.67,32,200,232,372,65,35,217,141,872,"DEN"
"412",14,"Gary Harris","SG",76,210,"September 14, 1994","us","1","Michigan State University",13,1587480,1,21,76,76,2439,359,765,0.469,105,297,0.354,254,468,0.543,0.538,109,133,0.82,54,166,220,147,97,18,98,143,932,"DEN"
"415",1,"Jameer Nelson","PG",72,190,"February 9, 1982","us","11","Saint Joseph's University",5,4500000,10,33,39,15,1036,113,307,0.368,43,144,0.299,70,163,0.429,0.438,30,35,0.857,19,96,115,190,25,5,66,100,299,"DEN"
"416",77,"Joffrey Lauvergne","C",83,220,"September 30, 1991","fr","1","",12,1709720,9,24,59,15,1041,195,380,0.513,13,53,0.245,182,327,0.557,0.53,62,69,0.899,77,213,290,56,13,15,54,115,465,"DEN"
"417",23,"Jusuf Nurkic","C",84,280,"August 23, 1994","ba","1","",11,1842000,12,21,32,3,547,101,242,0.417,0,3,0,101,239,0.423,0.417,61,99,0.616,65,110,175,40,24,44,55,91,263,"DEN"
"418",35,"Kenneth Faried","PF",80,228,"November 19, 1989","us","4","Morehead State University",2,11235955,6,26,67,64,1694,349,626,0.558,1,2,0.5,348,624,0.558,0.558,136,222,0.613,235,346,581,79,32,60,91,169,835,"DEN"
"419",16,"Kostas Papanikolaou","SF",80,225,"July 31, 1990","gr","1","",18,350000,17,25,26,6,294,24,66,0.364,10,32,0.313,14,34,0.412,0.439,9,14,0.643,8,32,40,16,13,5,21,24,67,"DEN"
"420",3,"Mike Miller","SF",80,218,"February 19, 1980","us","15","University of Florida",14,1499187,14,35,47,2,373,22,62,0.355,19,52,0.365,3,10,0.3,0.508,0,0,NA,6,47,53,40,13,4,17,53,63,"DEN"
"421",15,"Nikola Jokic","C",82,250,"February 19, 1995","rs","R","",15,1300000,5,20,80,55,1733,307,600,0.512,28,84,0.333,279,516,0.541,0.535,154,190,0.811,181,379,560,189,79,50,104,208,796,"DEN"
"423",5,"Will Barton","SG",78,175,"January 6, 1991","us","3","University of Memphis",7,3333333,2,25,82,1,2353,425,983,0.432,112,325,0.345,313,658,0.476,0.489,216,268,0.806,59,417,476,203,71,39,139,147,1178,"DEN"
"424",42,"Alexis Ajinca","C",86,248,"May 6, 1988","fr","5","",7,4300000,10,27,59,17,861,150,315,0.476,0,1,0,150,314,0.478,0.476,52,62,0.839,75,194,269,31,19,36,54,134,352,"NOP"
"425",15,"Alonzo Gee","SF",78,225,"May 29, 1987","us","6","University of Alabama",12,1375000,5,28,73,38,1632,132,255,0.518,17,60,0.283,115,195,0.59,0.551,44,66,0.667,60,185,245,72,63,13,55,169,325,"NOP"
"426",23,"Anthony Davis","PF",82,253,"March 11, 1993","us","3","University of Kentucky",6,7070730,1,22,61,61,2164,560,1136,0.493,35,108,0.324,525,1028,0.511,0.508,326,430,0.758,130,497,627,116,78,125,121,148,1481,"NOP"
"427",31,"Bryce Dejean-Jones","SG",78,209,"August 21, 1992","us","R","Iowa State University",16,281659,18,23,14,11,279,28,69,0.406,12,32,0.375,16,37,0.432,0.493,11,21,0.524,8,40,48,15,10,2,11,17,79,"NOP"
"428",44,"Dante Cunningham","SF",80,230,"April 22, 1987","us","6","Villanova University",10,3000000,3,28,80,46,1971,186,412,0.451,55,174,0.316,131,238,0.55,0.518,57,82,0.695,57,179,236,77,42,33,41,173,484,"NOP"
"429",10,"Eric Gordon","SG",76,215,"December 25, 1988","us","7","Indiana University",1,15514031,6,27,45,44,1481,231,552,0.418,113,294,0.384,118,258,0.457,0.521,111,125,0.888,10,89,99,121,43,14,73,98,686,"NOP"
"432",25,"Jordan Hamilton","SF",79,220,"October 6, 1990","us","4","University of Texas at Austin",18,119462,16,25,11,4,304,49,116,0.422,13,45,0.289,36,71,0.507,0.478,14,21,0.667,12,50,62,25,8,3,17,24,125,"NOP"
"433",11,"Jrue Holiday","PG",76,205,"June 12, 1990","us","6","University of California, Los Angeles",4,10595507,4,25,65,23,1831,410,935,0.439,87,259,0.336,323,676,0.478,0.485,182,216,0.843,27,168,195,391,88,22,167,148,1089,"NOP"
"434",5,"Kendrick Perkins","C",82,270,"November 10, 1984","us","12","",11,1499200,14,31,37,5,542,40,75,0.533,0,0,NA,40,75,0.533,0.533,11,25,0.44,25,103,128,31,11,11,41,64,91,"NOP"
"435",8,"Luke Babbitt","SF",81,225,"June 20, 1989","us","5","University of Nevada, Reno",14,1100000,11,26,47,13,845,122,289,0.422,44,109,0.404,78,180,0.433,0.498,39,50,0.78,25,123,148,53,11,7,23,90,327,"NOP"
"436",2,"Nate Robinson","PG",69,180,"May 31, 1984","us","10","University of Washington",22,44000,20,31,2,1,23,0,1,0,0,1,0,0,0,NA,0,0,0,NA,0,0,0,4,1,0,0,5,0,"NOP"
"437",30,"Norris Cole","PG",74,175,"October 13, 1988","us","4","Cleveland State University",9,3036927,8,27,45,23,1198,196,484,0.405,33,102,0.324,163,382,0.427,0.439,52,65,0.8,10,141,151,167,37,5,75,102,477,"NOP"
"438",3,"Omer Asik","C",84,255,"July 4, 1986","tr","5","",3,11000000,9,29,68,64,1178,104,195,0.533,0,0,NA,104,195,0.533,0.533,61,112,0.545,120,294,414,26,21,23,60,124,269,"NOP"
"439",0,"Orlando Johnson","SG",77,220,"March 11, 1989","us","2","University of California, Santa Barbara",20,55722,19,26,5,1,54,4,17,0.235,1,5,0.2,3,12,0.25,0.265,1,2,0.5,1,5,6,2,1,0,3,4,10,"NOP"
"440",33,"Ryan Anderson","PF",82,240,"May 6, 1988","us","7","University of California",5,8500000,2,27,66,7,2008,397,929,0.427,131,358,0.366,266,571,0.466,0.498,199,228,0.873,131,265,396,73,38,25,90,109,1124,"NOP"
"442",16,"Toney Douglas","PG",74,195,"March 16, 1986","us","6","Florida State University",13,1164858,7,29,61,18,1262,183,445,0.411,81,203,0.399,102,242,0.421,0.502,84,99,0.848,25,118,143,157,70,5,64,131,531,"NOP"
"443",1,"Tyreke Evans","SG",78,220,"September 19, 1989","us","6","University of Memphis",2,11227000,12,26,25,25,765,136,314,0.433,33,85,0.388,103,229,0.45,0.486,74,93,0.796,20,109,129,164,32,8,73,66,379,"NOP"
"444",33,"Adreian Payne","PF",82,237,"February 19, 1991","us","1","Michigan State University",11,1938840,12,24,52,2,486,53,145,0.366,9,32,0.281,44,113,0.389,0.397,17,26,0.654,20,91,111,29,16,11,36,77,132,"MIN"
"446",22,"Andrew Wiggins","SF",80,199,"February 23, 1995","ca","1","University of Kansas",5,5758680,1,20,81,81,2845,594,1294,0.459,57,190,0.3,537,1104,0.486,0.481,430,565,0.761,106,186,292,164,78,46,182,165,1675,"MIN"
"447",10,"Damjan Rudez","SF",82,228,"June 17, 1986","hr","1","",16,1149500,14,29,33,0,277,25,62,0.403,17,50,0.34,8,12,0.667,0.54,8,8,1,5,15,20,11,3,1,13,33,75,"MIN"
"448",5,"Gorgui Dieng","C",83,241,"January 18, 1990","sn","2","University of Louisville",14,1474440,5,26,82,39,2220,308,579,0.532,6,20,0.3,302,559,0.54,0.537,205,248,0.827,157,428,585,143,94,96,140,219,827,"MIN"
"449",4,"Greg Smith","PF",82,250,"January 8, 1991","us","4","California State University, Fresno",17,247623,15,25,18,0,192,18,32,0.563,0,0,NA,18,32,0.563,0.563,7,17,0.412,12,30,42,6,4,1,7,28,43,"MIN"
"450",32,"Karl-Anthony Towns","C",84,244,"November 15, 1995","us","R","University of Kentucky",6,5703600,2,20,82,82,2627,625,1153,0.542,30,88,0.341,595,1065,0.559,0.555,223,275,0.811,228,629,857,161,58,138,183,245,1503,"MIN"
"451",21,"Kevin Garnett","PF",83,240,"May 19, 1976","us","20","",3,8500000,11,39,38,38,556,54,115,0.47,0,1,0,54,114,0.474,0.47,14,21,0.667,15,135,150,62,28,10,16,70,122,"MIN"
"453",88,"Nemanja Bjelica","PF",82,240,"May 9, 1988","rs","R","",7,4000000,8,27,60,0,1075,110,235,0.468,48,125,0.384,62,110,0.564,0.57,40,55,0.727,49,161,210,83,26,21,47,154,308,"MIN"
"454",14,"Nikola Pekovic","C",83,307,"January 3, 1986","me","5","",2,12100000,16,30,12,3,156,19,50,0.38,0,0,NA,19,50,0.38,0.38,16,20,0.8,7,14,21,11,1,0,9,22,54,"MIN"
"455",9,"Ricky Rubio","PG",76,194,"October 21, 1990","es","4","",1,12365000,3,25,76,76,2323,219,586,0.374,62,190,0.326,157,396,0.396,0.427,266,314,0.847,40,286,326,658,162,10,193,201,766,"MIN"
"456",15,"Shabazz Muhammad","SF",78,223,"November 13, 1992","us","2","University of California, Los Angeles",10,2056920,6,23,82,0,1682,317,681,0.465,44,152,0.289,273,529,0.516,0.498,185,242,0.764,100,167,267,52,24,7,70,94,863,"MIN"
"457",12,"Tayshaun Prince","SF",81,212,"February 28, 1980","us","13","University of Kentucky",13,1499187,7,35,77,44,1462,102,229,0.445,4,23,0.174,98,206,0.476,0.454,13,19,0.684,32,115,147,73,36,13,27,62,221,"MIN"
"458",1,"Tyus Jones","PG",74,195,"May 10, 1996","us","R","Duke University",15,1282080,10,19,37,0,573,56,156,0.359,16,53,0.302,40,103,0.388,0.41,28,39,0.718,7,40,47,108,31,3,33,33,156,"MIN"
"459",8,"Zach LaVine","SG",77,189,"March 10, 1995","us","1","University of California, Los Angeles",9,2148360,4,20,82,33,2294,433,959,0.452,123,316,0.389,310,643,0.482,0.516,161,203,0.793,27,201,228,251,69,17,155,193,1150,"MIN"
"460",15,"Alan Williams","PF",80,260,"January 28, 1993","us","R","University of California, Santa Barbara",18,114285,19,23,10,0,68,10,24,0.417,0,0,NA,10,24,0.417,0.417,9,14,0.643,14,24,38,5,4,5,6,15,29,"PHO"
"461",21,"Alex Len","C",85,260,"June 16, 1993","ua","2","University of Maryland",7,3807120,4,22,78,46,1821,264,624,0.423,1,7,0.143,263,617,0.426,0.424,174,239,0.728,178,416,594,97,38,62,145,230,703,"PHO"
"462",20,"Archie Goodwin","PG",77,200,"August 17, 1994","us","2","University of Kentucky",12,1160160,9,21,57,13,1114,176,422,0.417,23,99,0.232,153,323,0.474,0.444,130,193,0.674,27,115,142,118,27,13,100,84,505,"PHO"
"463",3,"Brandon Knight","SG",75,189,"December 2, 1991","us","4","University of Kentucky",3,12000000,3,24,52,50,1870,371,895,0.415,120,351,0.342,251,544,0.461,0.482,156,183,0.852,36,166,202,263,61,20,177,124,1018,"PHO"
"466",55,"Cory Jefferson","PF",81,218,"December 26, 1990","us","1","Baylor University",15,421449,21,25,8,0,50,9,22,0.409,0,1,0,9,21,0.429,0.409,4,6,0.667,6,10,16,0,0,1,0,8,22,"PHO"
"467",1,"Devin Booker","SG",78,206,"October 30, 1996","us","R","University of Kentucky",8,2127840,2,19,76,51,2108,367,867,0.423,99,289,0.343,268,578,0.464,0.48,215,256,0.84,27,160,187,200,44,20,160,225,1048,"PHO"
"468",2,"Eric Bledsoe","PG",73,190,"December 9, 1989","us","5","University of Kentucky",1,13086957,11,26,31,31,1059,223,492,0.453,48,129,0.372,175,363,0.482,0.502,138,172,0.802,18,107,125,190,63,19,110,75,632,"PHO"
"469",23,"John Jenkins","SG",76,215,"March 6, 1991","us","3","Vanderbilt University",14,981000,14,24,22,2,287,42,90,0.467,13,32,0.406,29,58,0.5,0.539,12,15,0.8,4,31,35,26,5,1,16,11,109,"PHO"
"470",30,"Jon Leuer","PF",82,228,"May 14, 1989","us","4","University of Wisconsin",13,1035000,7,26,67,27,1255,224,466,0.481,42,110,0.382,182,356,0.511,0.526,77,101,0.762,76,297,373,72,38,30,75,125,567,"PHO"
"473",41,"Lorenzo Brown","PG",77,189,"August 26, 1990","us","2","North Carolina State University",20,111444,20,25,8,0,61,8,25,0.32,1,8,0.125,7,17,0.412,0.34,3,4,0.75,0,7,7,11,3,1,9,4,20,"PHO"
"474",35,"Mirza Teletovic","PF",81,242,"September 18, 1985","ba","3","",4,5500000,5,30,79,1,1686,332,777,0.427,181,460,0.393,151,317,0.476,0.544,120,155,0.774,55,247,302,89,32,21,84,159,965,"PHO"
"476",17,"P.J. Tucker","SF",78,245,"May 5, 1985","us","4","University of Texas at Austin",5,5500000,1,30,82,80,2540,239,582,0.411,68,206,0.33,171,376,0.455,0.469,106,142,0.746,165,347,512,177,106,20,111,202,652,"PHO"
"478",14,"Ronnie Price","PG",74,190,"June 21, 1983","us","10","Utah Valley State College",11,1499187,8,32,62,18,1211,116,302,0.384,68,196,0.347,48,106,0.453,0.497,31,41,0.756,25,74,99,147,74,13,70,161,331,"PHO"
"479",12,"T.J. Warren","SF",80,230,"September 5, 1993","us","1","North Carolina State University",9,2041080,10,22,47,4,1070,221,441,0.501,28,70,0.4,193,371,0.52,0.533,45,64,0.703,57,90,147,44,37,16,32,94,515,"PHO"
"480",4,"Tyson Chandler","C",85,240,"October 2, 1982","us","14","",2,13000000,6,33,66,60,1618,183,314,0.583,0,1,0,183,313,0.585,0.583,106,171,0.62,175,401,576,64,36,44,93,145,472,"PHO"
"481",3,"Anthony Brown","SF",79,210,"October 10, 1992","us","R","Stanford University",14,700000,11,23,29,11,599,39,126,0.31,20,70,0.286,19,56,0.339,0.389,17,20,0.85,9,61,70,19,14,5,15,34,115,"LAL"
"482",2,"Brandon Bass","PF",80,250,"April 30, 1985","us","10","Louisiana State University",7,3000000,7,30,66,0,1342,174,317,0.549,0,2,0,174,315,0.552,0.549,125,148,0.845,104,181,285,74,33,55,42,125,473,"LAL"
"483",1,"D'Angelo Russell","PG",77,195,"February 23, 1996","us","R","Ohio State University",5,5103120,3,19,80,48,2259,392,956,0.41,130,370,0.351,262,586,0.447,0.478,140,190,0.737,47,227,274,266,93,13,196,142,1054,"LAL"
"484",6,"Jordan Clarkson","SG",77,194,"June 7, 1992","us","1","University of Missouri",12,845059,1,23,79,79,2552,475,1098,0.433,111,320,0.347,364,778,0.468,0.483,164,204,0.804,93,220,313,192,88,7,135,168,1225,"LAL"
"485",30,"Julius Randle","PF",81,250,"November 29, 1994","us","1","University of Kentucky",6,3132240,2,21,81,60,2286,358,835,0.429,10,36,0.278,348,799,0.436,0.435,193,270,0.715,172,657,829,144,53,29,149,242,919,"LAL"
"486",24,"Kobe Bryant","SF",78,212,"August 23, 1978","us","19","",1,25000000,6,37,66,66,1863,398,1113,0.358,133,467,0.285,265,646,0.41,0.417,232,281,0.826,41,206,247,184,62,13,129,115,1161,"LAL"
"487",7,"Larry Nance Jr.","PF",81,230,"January 1, 1993","us","R","University of Wyoming",10,1155600,8,23,63,22,1266,158,300,0.527,1,10,0.1,157,290,0.541,0.528,32,47,0.681,101,211,312,44,54,23,41,124,349,"LAL"
"488",23,"Lou Williams","SG",73,175,"October 27, 1986","us","10","",3,7000000,4,29,67,35,1907,283,693,0.408,110,320,0.344,173,373,0.464,0.488,352,424,0.83,31,138,169,167,62,19,107,107,1028,"LAL"
"489",9,"Marcelo Huertas","PG",75,200,"May 25, 1983","br","R","",15,525093,10,32,53,0,869,97,230,0.422,16,61,0.262,81,169,0.479,0.457,27,29,0.931,18,72,90,182,26,7,80,76,237,"LAL"
"490",37,"Metta World Peace","SF",78,260,"November 13, 1979","us","15","St. John's University",9,1499187,12,36,35,5,590,55,177,0.311,26,84,0.31,29,93,0.312,0.384,40,57,0.702,19,70,89,27,22,11,15,67,176,"LAL"
"491",0,"Nick Young","SG",79,210,"June 1, 1985","us","8","University of Southern California",4,5219169,9,30,54,2,1033,126,372,0.339,77,237,0.325,49,135,0.363,0.442,63,76,0.829,14,83,97,34,23,7,30,50,392,"LAL"
"492",50,"Robert Sacre","C",84,270,"June 6, 1989","us","3","Gonzaga University",11,981348,15,26,25,1,320,31,75,0.413,0,0,NA,31,75,0.413,0.413,25,38,0.658,32,40,72,14,4,10,12,43,87,"LAL"
"493",17,"Roy Hibbert","C",86,270,"December 11, 1986","us","7","Georgetown University",2,15500000,5,29,81,81,1878,182,411,0.443,0,2,0,182,409,0.445,0.443,117,145,0.807,132,266,398,95,32,110,76,252,481,"LAL"
"494",4,"Ryan Kelly","PF",83,230,"April 9, 1991","us","2","Duke University",8,1724250,14,24,36,0,470,55,149,0.369,5,37,0.135,50,112,0.446,0.386,37,54,0.685,21,100,121,20,13,10,18,39,152,"LAL"
"495",28,"Tarik Black","C",81,250,"November 22, 1991","us","1","University of Kansas",13,845059,13,24,39,0,496,57,104,0.548,0,0,NA,57,104,0.548,0.548,19,45,0.422,44,113,157,16,14,18,22,78,133,"LAL"
